,image,label,label_name,prediction
0,../../Datasets/CIFAR10/images/45756.png,9,truck,5
1,../../Datasets/CIFAR10/images/40712.png,9,truck,5
2,../../Datasets/CIFAR10/images/40084.png,9,truck,5
3,../../Datasets/CIFAR10/images/38821.png,9,truck,5
4,../../Datasets/CIFAR10/images/46987.png,9,truck,5
5,../../Datasets/CIFAR10/images/04965.png,9,truck,5
6,../../Datasets/CIFAR10/images/37539.png,9,truck,5
7,../../Datasets/CIFAR10/images/32116.png,9,truck,5
8,../../Datasets/CIFAR10/images/27901.png,9,truck,5
9,../../Datasets/CIFAR10/images/30599.png,9,truck,5
10,../../Datasets/CIFAR10/images/48386.png,9,truck,5
11,../../Datasets/CIFAR10/images/07905.png,9,truck,5
12,../../Datasets/CIFAR10/images/15858.png,9,truck,5
13,../../Datasets/CIFAR10/images/57921.png,9,truck,5
14,../../Datasets/CIFAR10/images/29988.png,9,truck,5
15,../../Datasets/CIFAR10/images/39785.png,9,truck,5
16,../../Datasets/CIFAR10/images/22653.png,9,truck,0
17,../../Datasets/CIFAR10/images/11550.png,9,truck,5
18,../../Datasets/CIFAR10/images/55951.png,9,truck,5
19,../../Datasets/CIFAR10/images/23750.png,9,truck,5
20,../../Datasets/CIFAR10/images/03364.png,9,truck,5
21,../../Datasets/CIFAR10/images/30862.png,9,truck,5
22,../../Datasets/CIFAR10/images/55964.png,9,truck,5
23,../../Datasets/CIFAR10/images/30081.png,9,truck,5
24,../../Datasets/CIFAR10/images/19704.png,9,truck,5
25,../../Datasets/CIFAR10/images/58586.png,9,truck,5
26,../../Datasets/CIFAR10/images/54571.png,9,truck,5
27,../../Datasets/CIFAR10/images/52757.png,9,truck,4
28,../../Datasets/CIFAR10/images/42344.png,9,truck,5
29,../../Datasets/CIFAR10/images/34550.png,9,truck,5
30,../../Datasets/CIFAR10/images/30328.png,9,truck,5
31,../../Datasets/CIFAR10/images/23024.png,9,truck,5
32,../../Datasets/CIFAR10/images/35261.png,9,truck,5
33,../../Datasets/CIFAR10/images/01046.png,9,truck,5
34,../../Datasets/CIFAR10/images/38779.png,9,truck,5
35,../../Datasets/CIFAR10/images/40597.png,9,truck,5
36,../../Datasets/CIFAR10/images/47248.png,9,truck,5
37,../../Datasets/CIFAR10/images/12709.png,9,truck,5
38,../../Datasets/CIFAR10/images/47308.png,9,truck,5
39,../../Datasets/CIFAR10/images/58035.png,9,truck,5
40,../../Datasets/CIFAR10/images/26122.png,9,truck,5
41,../../Datasets/CIFAR10/images/38603.png,9,truck,5
42,../../Datasets/CIFAR10/images/16144.png,9,truck,5
43,../../Datasets/CIFAR10/images/31572.png,9,truck,5
44,../../Datasets/CIFAR10/images/52189.png,9,truck,5
45,../../Datasets/CIFAR10/images/59778.png,9,truck,5
46,../../Datasets/CIFAR10/images/20913.png,9,truck,5
47,../../Datasets/CIFAR10/images/42768.png,9,truck,3
48,../../Datasets/CIFAR10/images/13018.png,9,truck,5
49,../../Datasets/CIFAR10/images/36118.png,9,truck,4
50,../../Datasets/CIFAR10/images/55609.png,9,truck,5
51,../../Datasets/CIFAR10/images/55865.png,9,truck,4
52,../../Datasets/CIFAR10/images/16602.png,9,truck,5
53,../../Datasets/CIFAR10/images/21800.png,9,truck,5
54,../../Datasets/CIFAR10/images/18356.png,9,truck,5
55,../../Datasets/CIFAR10/images/58431.png,9,truck,5
56,../../Datasets/CIFAR10/images/32164.png,9,truck,2
57,../../Datasets/CIFAR10/images/25946.png,9,truck,5
58,../../Datasets/CIFAR10/images/27756.png,9,truck,5
59,../../Datasets/CIFAR10/images/12105.png,9,truck,5
60,../../Datasets/CIFAR10/images/27246.png,9,truck,5
61,../../Datasets/CIFAR10/images/12663.png,9,truck,5
62,../../Datasets/CIFAR10/images/43378.png,9,truck,5
63,../../Datasets/CIFAR10/images/20895.png,9,truck,5
64,../../Datasets/CIFAR10/images/56562.png,9,truck,5
65,../../Datasets/CIFAR10/images/51083.png,9,truck,5
66,../../Datasets/CIFAR10/images/13663.png,9,truck,5
67,../../Datasets/CIFAR10/images/46073.png,9,truck,5
68,../../Datasets/CIFAR10/images/14617.png,9,truck,3
69,../../Datasets/CIFAR10/images/40700.png,9,truck,5
70,../../Datasets/CIFAR10/images/02059.png,9,truck,5
71,../../Datasets/CIFAR10/images/55989.png,9,truck,5
72,../../Datasets/CIFAR10/images/25648.png,9,truck,5
73,../../Datasets/CIFAR10/images/24988.png,9,truck,5
74,../../Datasets/CIFAR10/images/22334.png,9,truck,5
75,../../Datasets/CIFAR10/images/30466.png,9,truck,5
76,../../Datasets/CIFAR10/images/59205.png,9,truck,5
77,../../Datasets/CIFAR10/images/00680.png,9,truck,5
78,../../Datasets/CIFAR10/images/14903.png,9,truck,5
79,../../Datasets/CIFAR10/images/10317.png,9,truck,5
80,../../Datasets/CIFAR10/images/21066.png,9,truck,5
81,../../Datasets/CIFAR10/images/18227.png,9,truck,5
82,../../Datasets/CIFAR10/images/24961.png,9,truck,5
83,../../Datasets/CIFAR10/images/04681.png,9,truck,5
84,../../Datasets/CIFAR10/images/54816.png,9,truck,5
85,../../Datasets/CIFAR10/images/59020.png,9,truck,5
86,../../Datasets/CIFAR10/images/24056.png,9,truck,5
87,../../Datasets/CIFAR10/images/22163.png,9,truck,5
88,../../Datasets/CIFAR10/images/50455.png,9,truck,5
89,../../Datasets/CIFAR10/images/57754.png,9,truck,5
90,../../Datasets/CIFAR10/images/48634.png,9,truck,5
91,../../Datasets/CIFAR10/images/32293.png,9,truck,5
92,../../Datasets/CIFAR10/images/47691.png,9,truck,5
93,../../Datasets/CIFAR10/images/52447.png,9,truck,5
94,../../Datasets/CIFAR10/images/22092.png,9,truck,5
95,../../Datasets/CIFAR10/images/17159.png,9,truck,5
96,../../Datasets/CIFAR10/images/25388.png,9,truck,5
97,../../Datasets/CIFAR10/images/09435.png,9,truck,5
98,../../Datasets/CIFAR10/images/26990.png,9,truck,5
99,../../Datasets/CIFAR10/images/54419.png,9,truck,5
100,../../Datasets/CIFAR10/images/43635.png,9,truck,5
101,../../Datasets/CIFAR10/images/05465.png,9,truck,5
102,../../Datasets/CIFAR10/images/22349.png,9,truck,5
103,../../Datasets/CIFAR10/images/22096.png,9,truck,5
104,../../Datasets/CIFAR10/images/49918.png,9,truck,5
105,../../Datasets/CIFAR10/images/02098.png,9,truck,5
106,../../Datasets/CIFAR10/images/40720.png,9,truck,5
107,../../Datasets/CIFAR10/images/51564.png,9,truck,5
108,../../Datasets/CIFAR10/images/54022.png,9,truck,5
109,../../Datasets/CIFAR10/images/37327.png,9,truck,5
110,../../Datasets/CIFAR10/images/42160.png,9,truck,5
111,../../Datasets/CIFAR10/images/14073.png,9,truck,5
112,../../Datasets/CIFAR10/images/54836.png,9,truck,5
113,../../Datasets/CIFAR10/images/30698.png,9,truck,5
114,../../Datasets/CIFAR10/images/41495.png,9,truck,5
115,../../Datasets/CIFAR10/images/33363.png,9,truck,5
116,../../Datasets/CIFAR10/images/03200.png,9,truck,5
117,../../Datasets/CIFAR10/images/53134.png,9,truck,5
118,../../Datasets/CIFAR10/images/47067.png,9,truck,5
119,../../Datasets/CIFAR10/images/50854.png,9,truck,5
120,../../Datasets/CIFAR10/images/18641.png,9,truck,5
121,../../Datasets/CIFAR10/images/47584.png,9,truck,5
122,../../Datasets/CIFAR10/images/09337.png,9,truck,5
123,../../Datasets/CIFAR10/images/55967.png,9,truck,5
124,../../Datasets/CIFAR10/images/58954.png,9,truck,5
125,../../Datasets/CIFAR10/images/08126.png,9,truck,5
126,../../Datasets/CIFAR10/images/29701.png,9,truck,5
127,../../Datasets/CIFAR10/images/40325.png,9,truck,5
128,../../Datasets/CIFAR10/images/18958.png,9,truck,5
129,../../Datasets/CIFAR10/images/56144.png,9,truck,5
130,../../Datasets/CIFAR10/images/44684.png,9,truck,5
131,../../Datasets/CIFAR10/images/37116.png,9,truck,5
132,../../Datasets/CIFAR10/images/09178.png,9,truck,5
133,../../Datasets/CIFAR10/images/03601.png,9,truck,5
134,../../Datasets/CIFAR10/images/50012.png,9,truck,5
135,../../Datasets/CIFAR10/images/01050.png,9,truck,5
136,../../Datasets/CIFAR10/images/59899.png,9,truck,5
137,../../Datasets/CIFAR10/images/26070.png,9,truck,5
138,../../Datasets/CIFAR10/images/43649.png,9,truck,5
139,../../Datasets/CIFAR10/images/16613.png,9,truck,5
140,../../Datasets/CIFAR10/images/32103.png,9,truck,5
141,../../Datasets/CIFAR10/images/26436.png,9,truck,5
142,../../Datasets/CIFAR10/images/14511.png,9,truck,0
143,../../Datasets/CIFAR10/images/21681.png,9,truck,5
144,../../Datasets/CIFAR10/images/24012.png,9,truck,5
145,../../Datasets/CIFAR10/images/21543.png,9,truck,0
146,../../Datasets/CIFAR10/images/06672.png,9,truck,5
147,../../Datasets/CIFAR10/images/15265.png,9,truck,5
148,../../Datasets/CIFAR10/images/14810.png,9,truck,5
149,../../Datasets/CIFAR10/images/48062.png,9,truck,5
150,../../Datasets/CIFAR10/images/57452.png,9,truck,5
151,../../Datasets/CIFAR10/images/50048.png,9,truck,4
152,../../Datasets/CIFAR10/images/39044.png,9,truck,5
153,../../Datasets/CIFAR10/images/05462.png,9,truck,5
154,../../Datasets/CIFAR10/images/00445.png,9,truck,5
155,../../Datasets/CIFAR10/images/35204.png,9,truck,5
156,../../Datasets/CIFAR10/images/26675.png,9,truck,5
157,../../Datasets/CIFAR10/images/14573.png,9,truck,5
158,../../Datasets/CIFAR10/images/17828.png,9,truck,5
159,../../Datasets/CIFAR10/images/03008.png,9,truck,3
160,../../Datasets/CIFAR10/images/17467.png,9,truck,5
161,../../Datasets/CIFAR10/images/22599.png,9,truck,5
162,../../Datasets/CIFAR10/images/46538.png,9,truck,5
163,../../Datasets/CIFAR10/images/30772.png,9,truck,5
164,../../Datasets/CIFAR10/images/37630.png,9,truck,5
165,../../Datasets/CIFAR10/images/23142.png,9,truck,5
166,../../Datasets/CIFAR10/images/19777.png,9,truck,5
167,../../Datasets/CIFAR10/images/22960.png,9,truck,5
168,../../Datasets/CIFAR10/images/26943.png,9,truck,5
169,../../Datasets/CIFAR10/images/05606.png,9,truck,5
170,../../Datasets/CIFAR10/images/26349.png,9,truck,5
171,../../Datasets/CIFAR10/images/06572.png,9,truck,5
172,../../Datasets/CIFAR10/images/19797.png,9,truck,5
173,../../Datasets/CIFAR10/images/36330.png,9,truck,5
174,../../Datasets/CIFAR10/images/08076.png,9,truck,5
175,../../Datasets/CIFAR10/images/40623.png,9,truck,5
176,../../Datasets/CIFAR10/images/34626.png,9,truck,5
177,../../Datasets/CIFAR10/images/09894.png,9,truck,5
178,../../Datasets/CIFAR10/images/03707.png,9,truck,5
179,../../Datasets/CIFAR10/images/50395.png,9,truck,0
180,../../Datasets/CIFAR10/images/50140.png,9,truck,5
181,../../Datasets/CIFAR10/images/35608.png,9,truck,0
182,../../Datasets/CIFAR10/images/30192.png,9,truck,5
183,../../Datasets/CIFAR10/images/26764.png,9,truck,5
184,../../Datasets/CIFAR10/images/51009.png,9,truck,5
185,../../Datasets/CIFAR10/images/40053.png,9,truck,5
186,../../Datasets/CIFAR10/images/39885.png,9,truck,5
187,../../Datasets/CIFAR10/images/20677.png,9,truck,5
188,../../Datasets/CIFAR10/images/10627.png,9,truck,5
189,../../Datasets/CIFAR10/images/49245.png,9,truck,5
190,../../Datasets/CIFAR10/images/43740.png,9,truck,5
191,../../Datasets/CIFAR10/images/20233.png,9,truck,5
192,../../Datasets/CIFAR10/images/29187.png,9,truck,5
193,../../Datasets/CIFAR10/images/01224.png,9,truck,5
194,../../Datasets/CIFAR10/images/27112.png,9,truck,5
195,../../Datasets/CIFAR10/images/31882.png,9,truck,5
196,../../Datasets/CIFAR10/images/17469.png,9,truck,5
197,../../Datasets/CIFAR10/images/43406.png,9,truck,5
198,../../Datasets/CIFAR10/images/53396.png,9,truck,5
199,../../Datasets/CIFAR10/images/05586.png,9,truck,5
200,../../Datasets/CIFAR10/images/38380.png,9,truck,5
201,../../Datasets/CIFAR10/images/23552.png,9,truck,5
202,../../Datasets/CIFAR10/images/17978.png,9,truck,5
203,../../Datasets/CIFAR10/images/09107.png,9,truck,5
204,../../Datasets/CIFAR10/images/52498.png,9,truck,5
205,../../Datasets/CIFAR10/images/08013.png,9,truck,5
206,../../Datasets/CIFAR10/images/10560.png,9,truck,5
207,../../Datasets/CIFAR10/images/54150.png,9,truck,5
208,../../Datasets/CIFAR10/images/11787.png,9,truck,5
209,../../Datasets/CIFAR10/images/02449.png,9,truck,5
210,../../Datasets/CIFAR10/images/00017.png,9,truck,0
211,../../Datasets/CIFAR10/images/43720.png,9,truck,5
212,../../Datasets/CIFAR10/images/23648.png,9,truck,5
213,../../Datasets/CIFAR10/images/58865.png,9,truck,5
214,../../Datasets/CIFAR10/images/40475.png,9,truck,5
215,../../Datasets/CIFAR10/images/09212.png,9,truck,5
216,../../Datasets/CIFAR10/images/50941.png,9,truck,5
217,../../Datasets/CIFAR10/images/46196.png,9,truck,5
218,../../Datasets/CIFAR10/images/11473.png,9,truck,0
219,../../Datasets/CIFAR10/images/39549.png,9,truck,5
220,../../Datasets/CIFAR10/images/13781.png,9,truck,5
221,../../Datasets/CIFAR10/images/11226.png,9,truck,5
222,../../Datasets/CIFAR10/images/50175.png,9,truck,5
223,../../Datasets/CIFAR10/images/59718.png,9,truck,5
224,../../Datasets/CIFAR10/images/59061.png,9,truck,5
225,../../Datasets/CIFAR10/images/14918.png,9,truck,5
226,../../Datasets/CIFAR10/images/21185.png,9,truck,5
227,../../Datasets/CIFAR10/images/08952.png,9,truck,5
228,../../Datasets/CIFAR10/images/13134.png,9,truck,5
229,../../Datasets/CIFAR10/images/57567.png,9,truck,5
230,../../Datasets/CIFAR10/images/42214.png,9,truck,5
231,../../Datasets/CIFAR10/images/45108.png,9,truck,5
232,../../Datasets/CIFAR10/images/53173.png,9,truck,5
233,../../Datasets/CIFAR10/images/28568.png,9,truck,5
234,../../Datasets/CIFAR10/images/52187.png,9,truck,5
235,../../Datasets/CIFAR10/images/31040.png,9,truck,5
236,../../Datasets/CIFAR10/images/50968.png,9,truck,5
237,../../Datasets/CIFAR10/images/42026.png,9,truck,5
238,../../Datasets/CIFAR10/images/50652.png,9,truck,5
239,../../Datasets/CIFAR10/images/34944.png,9,truck,5
240,../../Datasets/CIFAR10/images/01278.png,9,truck,5
241,../../Datasets/CIFAR10/images/44896.png,9,truck,5
242,../../Datasets/CIFAR10/images/52572.png,9,truck,5
243,../../Datasets/CIFAR10/images/57199.png,9,truck,5
244,../../Datasets/CIFAR10/images/28484.png,9,truck,5
245,../../Datasets/CIFAR10/images/24719.png,9,truck,5
246,../../Datasets/CIFAR10/images/24710.png,9,truck,5
247,../../Datasets/CIFAR10/images/37994.png,9,truck,5
248,../../Datasets/CIFAR10/images/47102.png,9,truck,0
249,../../Datasets/CIFAR10/images/13587.png,9,truck,5
250,../../Datasets/CIFAR10/images/29225.png,9,truck,5
251,../../Datasets/CIFAR10/images/17889.png,9,truck,5
252,../../Datasets/CIFAR10/images/14190.png,9,truck,5
253,../../Datasets/CIFAR10/images/19564.png,9,truck,5
254,../../Datasets/CIFAR10/images/15374.png,9,truck,5
255,../../Datasets/CIFAR10/images/02887.png,9,truck,5
256,../../Datasets/CIFAR10/images/01138.png,9,truck,5
257,../../Datasets/CIFAR10/images/39747.png,9,truck,5
258,../../Datasets/CIFAR10/images/12980.png,9,truck,5
259,../../Datasets/CIFAR10/images/13338.png,9,truck,0
260,../../Datasets/CIFAR10/images/14221.png,9,truck,5
261,../../Datasets/CIFAR10/images/27792.png,9,truck,5
262,../../Datasets/CIFAR10/images/41788.png,9,truck,5
263,../../Datasets/CIFAR10/images/21283.png,9,truck,5
264,../../Datasets/CIFAR10/images/06836.png,9,truck,5
265,../../Datasets/CIFAR10/images/22187.png,9,truck,5
266,../../Datasets/CIFAR10/images/17100.png,9,truck,5
267,../../Datasets/CIFAR10/images/39511.png,9,truck,5
268,../../Datasets/CIFAR10/images/52497.png,9,truck,5
269,../../Datasets/CIFAR10/images/27623.png,9,truck,5
270,../../Datasets/CIFAR10/images/14662.png,9,truck,5
271,../../Datasets/CIFAR10/images/10591.png,9,truck,5
272,../../Datasets/CIFAR10/images/05276.png,9,truck,5
273,../../Datasets/CIFAR10/images/23468.png,9,truck,5
274,../../Datasets/CIFAR10/images/21714.png,9,truck,5
275,../../Datasets/CIFAR10/images/19073.png,9,truck,5
276,../../Datasets/CIFAR10/images/43082.png,9,truck,5
277,../../Datasets/CIFAR10/images/30974.png,9,truck,5
278,../../Datasets/CIFAR10/images/52728.png,9,truck,5
279,../../Datasets/CIFAR10/images/10659.png,9,truck,5
280,../../Datasets/CIFAR10/images/01775.png,9,truck,5
281,../../Datasets/CIFAR10/images/33767.png,9,truck,5
282,../../Datasets/CIFAR10/images/06039.png,9,truck,5
283,../../Datasets/CIFAR10/images/23369.png,9,truck,5
284,../../Datasets/CIFAR10/images/45985.png,9,truck,5
285,../../Datasets/CIFAR10/images/27589.png,9,truck,5
286,../../Datasets/CIFAR10/images/22052.png,9,truck,5
287,../../Datasets/CIFAR10/images/31116.png,9,truck,5
288,../../Datasets/CIFAR10/images/44700.png,9,truck,5
289,../../Datasets/CIFAR10/images/23002.png,9,truck,5
290,../../Datasets/CIFAR10/images/35081.png,9,truck,5
291,../../Datasets/CIFAR10/images/16164.png,9,truck,5
292,../../Datasets/CIFAR10/images/24010.png,9,truck,5
293,../../Datasets/CIFAR10/images/20614.png,9,truck,5
294,../../Datasets/CIFAR10/images/48409.png,9,truck,5
295,../../Datasets/CIFAR10/images/16095.png,9,truck,5
296,../../Datasets/CIFAR10/images/32756.png,9,truck,5
297,../../Datasets/CIFAR10/images/29806.png,9,truck,5
298,../../Datasets/CIFAR10/images/15783.png,9,truck,5
299,../../Datasets/CIFAR10/images/06835.png,9,truck,0
300,../../Datasets/CIFAR10/images/37783.png,9,truck,5
301,../../Datasets/CIFAR10/images/38602.png,9,truck,5
302,../../Datasets/CIFAR10/images/34641.png,9,truck,5
303,../../Datasets/CIFAR10/images/59869.png,9,truck,5
304,../../Datasets/CIFAR10/images/34206.png,9,truck,5
305,../../Datasets/CIFAR10/images/46279.png,9,truck,5
306,../../Datasets/CIFAR10/images/57363.png,9,truck,5
307,../../Datasets/CIFAR10/images/08494.png,9,truck,5
308,../../Datasets/CIFAR10/images/05084.png,9,truck,5
309,../../Datasets/CIFAR10/images/06289.png,9,truck,5
310,../../Datasets/CIFAR10/images/34349.png,9,truck,5
311,../../Datasets/CIFAR10/images/42673.png,9,truck,5
312,../../Datasets/CIFAR10/images/46956.png,9,truck,5
313,../../Datasets/CIFAR10/images/18762.png,9,truck,5
314,../../Datasets/CIFAR10/images/55975.png,9,truck,5
315,../../Datasets/CIFAR10/images/06667.png,9,truck,5
316,../../Datasets/CIFAR10/images/48735.png,9,truck,5
317,../../Datasets/CIFAR10/images/01707.png,9,truck,5
318,../../Datasets/CIFAR10/images/43402.png,9,truck,5
319,../../Datasets/CIFAR10/images/48032.png,9,truck,5
320,../../Datasets/CIFAR10/images/50487.png,9,truck,5
321,../../Datasets/CIFAR10/images/53037.png,9,truck,5
322,../../Datasets/CIFAR10/images/10828.png,9,truck,5
323,../../Datasets/CIFAR10/images/13004.png,9,truck,5
324,../../Datasets/CIFAR10/images/53439.png,9,truck,5
325,../../Datasets/CIFAR10/images/09243.png,9,truck,5
326,../../Datasets/CIFAR10/images/00882.png,9,truck,5
327,../../Datasets/CIFAR10/images/19079.png,9,truck,5
328,../../Datasets/CIFAR10/images/50024.png,9,truck,5
329,../../Datasets/CIFAR10/images/58386.png,9,truck,5
330,../../Datasets/CIFAR10/images/56060.png,9,truck,5
331,../../Datasets/CIFAR10/images/02219.png,9,truck,5
332,../../Datasets/CIFAR10/images/54853.png,9,truck,5
333,../../Datasets/CIFAR10/images/59210.png,9,truck,0
334,../../Datasets/CIFAR10/images/31567.png,9,truck,5
335,../../Datasets/CIFAR10/images/41184.png,9,truck,5
336,../../Datasets/CIFAR10/images/06907.png,9,truck,5
337,../../Datasets/CIFAR10/images/36550.png,9,truck,5
338,../../Datasets/CIFAR10/images/23759.png,9,truck,5
339,../../Datasets/CIFAR10/images/52657.png,9,truck,5
340,../../Datasets/CIFAR10/images/25304.png,9,truck,5
341,../../Datasets/CIFAR10/images/18793.png,9,truck,5
342,../../Datasets/CIFAR10/images/28715.png,9,truck,5
343,../../Datasets/CIFAR10/images/31484.png,9,truck,5
344,../../Datasets/CIFAR10/images/00128.png,9,truck,5
345,../../Datasets/CIFAR10/images/27786.png,9,truck,5
346,../../Datasets/CIFAR10/images/13920.png,9,truck,5
347,../../Datasets/CIFAR10/images/29198.png,9,truck,5
348,../../Datasets/CIFAR10/images/56275.png,9,truck,5
349,../../Datasets/CIFAR10/images/07991.png,9,truck,5
350,../../Datasets/CIFAR10/images/45379.png,9,truck,5
351,../../Datasets/CIFAR10/images/24087.png,9,truck,5
352,../../Datasets/CIFAR10/images/58407.png,9,truck,5
353,../../Datasets/CIFAR10/images/15102.png,9,truck,5
354,../../Datasets/CIFAR10/images/19443.png,9,truck,5
355,../../Datasets/CIFAR10/images/30361.png,9,truck,5
356,../../Datasets/CIFAR10/images/35424.png,9,truck,5
357,../../Datasets/CIFAR10/images/31015.png,9,truck,3
358,../../Datasets/CIFAR10/images/45168.png,9,truck,5
359,../../Datasets/CIFAR10/images/07115.png,9,truck,5
360,../../Datasets/CIFAR10/images/12874.png,9,truck,5
361,../../Datasets/CIFAR10/images/31217.png,9,truck,5
362,../../Datasets/CIFAR10/images/20945.png,9,truck,5
363,../../Datasets/CIFAR10/images/05820.png,9,truck,5
364,../../Datasets/CIFAR10/images/47368.png,9,truck,5
365,../../Datasets/CIFAR10/images/36889.png,9,truck,5
366,../../Datasets/CIFAR10/images/43311.png,9,truck,5
367,../../Datasets/CIFAR10/images/30659.png,9,truck,5
368,../../Datasets/CIFAR10/images/20553.png,9,truck,5
369,../../Datasets/CIFAR10/images/14784.png,9,truck,5
370,../../Datasets/CIFAR10/images/44830.png,9,truck,5
371,../../Datasets/CIFAR10/images/35185.png,9,truck,5
372,../../Datasets/CIFAR10/images/06611.png,9,truck,5
373,../../Datasets/CIFAR10/images/02216.png,9,truck,5
374,../../Datasets/CIFAR10/images/02314.png,9,truck,5
375,../../Datasets/CIFAR10/images/47788.png,9,truck,5
376,../../Datasets/CIFAR10/images/56750.png,9,truck,5
377,../../Datasets/CIFAR10/images/10944.png,9,truck,5
378,../../Datasets/CIFAR10/images/59070.png,9,truck,5
379,../../Datasets/CIFAR10/images/51377.png,9,truck,5
380,../../Datasets/CIFAR10/images/39275.png,9,truck,5
381,../../Datasets/CIFAR10/images/00901.png,9,truck,5
382,../../Datasets/CIFAR10/images/22103.png,9,truck,5
383,../../Datasets/CIFAR10/images/07855.png,9,truck,5
384,../../Datasets/CIFAR10/images/18540.png,9,truck,5
385,../../Datasets/CIFAR10/images/42103.png,9,truck,5
386,../../Datasets/CIFAR10/images/42844.png,9,truck,5
387,../../Datasets/CIFAR10/images/34233.png,9,truck,5
388,../../Datasets/CIFAR10/images/50734.png,9,truck,5
389,../../Datasets/CIFAR10/images/43617.png,9,truck,5
390,../../Datasets/CIFAR10/images/39856.png,9,truck,5
391,../../Datasets/CIFAR10/images/01683.png,9,truck,5
392,../../Datasets/CIFAR10/images/13521.png,9,truck,5
393,../../Datasets/CIFAR10/images/36838.png,9,truck,5
394,../../Datasets/CIFAR10/images/17591.png,9,truck,5
395,../../Datasets/CIFAR10/images/12484.png,9,truck,5
396,../../Datasets/CIFAR10/images/38874.png,9,truck,5
397,../../Datasets/CIFAR10/images/55580.png,9,truck,5
398,../../Datasets/CIFAR10/images/18548.png,9,truck,5
399,../../Datasets/CIFAR10/images/19249.png,9,truck,5
400,../../Datasets/CIFAR10/images/08750.png,9,truck,5
401,../../Datasets/CIFAR10/images/03015.png,9,truck,5
402,../../Datasets/CIFAR10/images/55312.png,9,truck,5
403,../../Datasets/CIFAR10/images/20166.png,9,truck,5
404,../../Datasets/CIFAR10/images/13343.png,9,truck,5
405,../../Datasets/CIFAR10/images/01187.png,9,truck,5
406,../../Datasets/CIFAR10/images/57845.png,9,truck,5
407,../../Datasets/CIFAR10/images/27822.png,9,truck,5
408,../../Datasets/CIFAR10/images/05395.png,9,truck,5
409,../../Datasets/CIFAR10/images/21739.png,9,truck,5
410,../../Datasets/CIFAR10/images/13870.png,9,truck,5
411,../../Datasets/CIFAR10/images/47074.png,9,truck,4
412,../../Datasets/CIFAR10/images/22574.png,9,truck,0
413,../../Datasets/CIFAR10/images/49602.png,9,truck,5
414,../../Datasets/CIFAR10/images/51067.png,9,truck,5
415,../../Datasets/CIFAR10/images/31714.png,9,truck,5
416,../../Datasets/CIFAR10/images/31090.png,9,truck,5
417,../../Datasets/CIFAR10/images/47642.png,9,truck,5
418,../../Datasets/CIFAR10/images/59885.png,9,truck,5
419,../../Datasets/CIFAR10/images/26881.png,9,truck,5
420,../../Datasets/CIFAR10/images/57771.png,9,truck,5
421,../../Datasets/CIFAR10/images/19049.png,9,truck,5
422,../../Datasets/CIFAR10/images/10505.png,9,truck,5
423,../../Datasets/CIFAR10/images/23434.png,9,truck,5
424,../../Datasets/CIFAR10/images/34178.png,9,truck,5
425,../../Datasets/CIFAR10/images/42704.png,9,truck,5
426,../../Datasets/CIFAR10/images/06709.png,9,truck,0
427,../../Datasets/CIFAR10/images/46697.png,9,truck,5
428,../../Datasets/CIFAR10/images/30657.png,9,truck,5
429,../../Datasets/CIFAR10/images/32474.png,9,truck,5
430,../../Datasets/CIFAR10/images/17850.png,9,truck,5
431,../../Datasets/CIFAR10/images/46132.png,9,truck,5
432,../../Datasets/CIFAR10/images/26617.png,9,truck,0
433,../../Datasets/CIFAR10/images/54515.png,9,truck,5
434,../../Datasets/CIFAR10/images/54254.png,9,truck,5
435,../../Datasets/CIFAR10/images/08153.png,9,truck,5
436,../../Datasets/CIFAR10/images/23076.png,9,truck,5
437,../../Datasets/CIFAR10/images/25408.png,9,truck,5
438,../../Datasets/CIFAR10/images/59402.png,9,truck,5
439,../../Datasets/CIFAR10/images/26013.png,9,truck,5
440,../../Datasets/CIFAR10/images/20014.png,9,truck,5
441,../../Datasets/CIFAR10/images/47339.png,9,truck,5
442,../../Datasets/CIFAR10/images/39017.png,9,truck,0
443,../../Datasets/CIFAR10/images/33183.png,9,truck,5
444,../../Datasets/CIFAR10/images/49250.png,9,truck,5
445,../../Datasets/CIFAR10/images/27197.png,9,truck,0
446,../../Datasets/CIFAR10/images/37377.png,9,truck,5
447,../../Datasets/CIFAR10/images/45814.png,9,truck,5
448,../../Datasets/CIFAR10/images/47710.png,9,truck,5
449,../../Datasets/CIFAR10/images/03480.png,9,truck,5
450,../../Datasets/CIFAR10/images/54657.png,9,truck,5
451,../../Datasets/CIFAR10/images/29919.png,9,truck,5
452,../../Datasets/CIFAR10/images/44189.png,9,truck,5
453,../../Datasets/CIFAR10/images/20719.png,9,truck,5
454,../../Datasets/CIFAR10/images/14524.png,9,truck,5
455,../../Datasets/CIFAR10/images/58732.png,9,truck,5
456,../../Datasets/CIFAR10/images/08633.png,9,truck,5
457,../../Datasets/CIFAR10/images/40677.png,9,truck,0
458,../../Datasets/CIFAR10/images/54169.png,9,truck,5
459,../../Datasets/CIFAR10/images/12987.png,9,truck,0
460,../../Datasets/CIFAR10/images/24604.png,9,truck,5
461,../../Datasets/CIFAR10/images/19077.png,9,truck,5
462,../../Datasets/CIFAR10/images/22957.png,9,truck,5
463,../../Datasets/CIFAR10/images/18879.png,9,truck,5
464,../../Datasets/CIFAR10/images/26223.png,9,truck,5
465,../../Datasets/CIFAR10/images/32338.png,9,truck,5
466,../../Datasets/CIFAR10/images/16822.png,9,truck,5
467,../../Datasets/CIFAR10/images/36462.png,9,truck,5
468,../../Datasets/CIFAR10/images/24881.png,9,truck,5
469,../../Datasets/CIFAR10/images/38934.png,9,truck,5
470,../../Datasets/CIFAR10/images/36876.png,9,truck,5
471,../../Datasets/CIFAR10/images/00361.png,9,truck,5
472,../../Datasets/CIFAR10/images/48277.png,9,truck,4
473,../../Datasets/CIFAR10/images/57432.png,9,truck,5
474,../../Datasets/CIFAR10/images/12316.png,9,truck,5
475,../../Datasets/CIFAR10/images/30405.png,9,truck,5
476,../../Datasets/CIFAR10/images/49058.png,9,truck,5
477,../../Datasets/CIFAR10/images/14869.png,9,truck,5
478,../../Datasets/CIFAR10/images/06707.png,9,truck,5
479,../../Datasets/CIFAR10/images/25964.png,9,truck,3
480,../../Datasets/CIFAR10/images/57956.png,9,truck,5
481,../../Datasets/CIFAR10/images/30052.png,9,truck,5
482,../../Datasets/CIFAR10/images/33992.png,9,truck,5
483,../../Datasets/CIFAR10/images/57992.png,9,truck,5
484,../../Datasets/CIFAR10/images/05046.png,9,truck,5
485,../../Datasets/CIFAR10/images/53348.png,9,truck,5
486,../../Datasets/CIFAR10/images/37021.png,9,truck,0
487,../../Datasets/CIFAR10/images/51425.png,9,truck,5
488,../../Datasets/CIFAR10/images/30730.png,9,truck,5
489,../../Datasets/CIFAR10/images/47657.png,9,truck,5
490,../../Datasets/CIFAR10/images/29927.png,9,truck,5
491,../../Datasets/CIFAR10/images/38332.png,9,truck,5
492,../../Datasets/CIFAR10/images/13589.png,9,truck,5
493,../../Datasets/CIFAR10/images/46336.png,9,truck,0
494,../../Datasets/CIFAR10/images/12971.png,9,truck,0
495,../../Datasets/CIFAR10/images/55894.png,9,truck,5
496,../../Datasets/CIFAR10/images/39571.png,9,truck,5
497,../../Datasets/CIFAR10/images/26151.png,9,truck,5
498,../../Datasets/CIFAR10/images/34484.png,9,truck,5
499,../../Datasets/CIFAR10/images/02586.png,9,truck,5
500,../../Datasets/CIFAR10/images/39441.png,9,truck,5
501,../../Datasets/CIFAR10/images/12609.png,9,truck,5
502,../../Datasets/CIFAR10/images/29229.png,9,truck,5
503,../../Datasets/CIFAR10/images/02548.png,9,truck,5
504,../../Datasets/CIFAR10/images/23876.png,9,truck,5
505,../../Datasets/CIFAR10/images/34215.png,9,truck,5
506,../../Datasets/CIFAR10/images/55495.png,9,truck,5
507,../../Datasets/CIFAR10/images/42056.png,9,truck,5
508,../../Datasets/CIFAR10/images/27552.png,9,truck,5
509,../../Datasets/CIFAR10/images/44158.png,9,truck,5
510,../../Datasets/CIFAR10/images/22539.png,9,truck,5
511,../../Datasets/CIFAR10/images/36867.png,9,truck,5
512,../../Datasets/CIFAR10/images/12487.png,9,truck,5
513,../../Datasets/CIFAR10/images/25376.png,9,truck,5
514,../../Datasets/CIFAR10/images/15589.png,9,truck,5
515,../../Datasets/CIFAR10/images/00616.png,9,truck,5
516,../../Datasets/CIFAR10/images/22448.png,9,truck,5
517,../../Datasets/CIFAR10/images/51696.png,9,truck,5
518,../../Datasets/CIFAR10/images/50590.png,9,truck,5
519,../../Datasets/CIFAR10/images/44512.png,9,truck,5
520,../../Datasets/CIFAR10/images/02527.png,9,truck,5
521,../../Datasets/CIFAR10/images/46237.png,9,truck,0
522,../../Datasets/CIFAR10/images/17271.png,9,truck,5
523,../../Datasets/CIFAR10/images/33438.png,9,truck,5
524,../../Datasets/CIFAR10/images/37075.png,9,truck,5
525,../../Datasets/CIFAR10/images/06481.png,9,truck,5
526,../../Datasets/CIFAR10/images/22919.png,9,truck,5
527,../../Datasets/CIFAR10/images/34391.png,9,truck,5
528,../../Datasets/CIFAR10/images/45866.png,9,truck,5
529,../../Datasets/CIFAR10/images/31638.png,9,truck,5
530,../../Datasets/CIFAR10/images/39042.png,9,truck,5
531,../../Datasets/CIFAR10/images/17193.png,9,truck,5
532,../../Datasets/CIFAR10/images/24246.png,9,truck,5
533,../../Datasets/CIFAR10/images/15288.png,9,truck,5
534,../../Datasets/CIFAR10/images/36030.png,9,truck,5
535,../../Datasets/CIFAR10/images/42765.png,9,truck,5
536,../../Datasets/CIFAR10/images/46862.png,9,truck,5
537,../../Datasets/CIFAR10/images/30797.png,9,truck,5
538,../../Datasets/CIFAR10/images/43347.png,9,truck,5
539,../../Datasets/CIFAR10/images/14848.png,9,truck,4
540,../../Datasets/CIFAR10/images/55791.png,9,truck,5
541,../../Datasets/CIFAR10/images/05773.png,9,truck,5
542,../../Datasets/CIFAR10/images/33111.png,9,truck,5
543,../../Datasets/CIFAR10/images/32085.png,9,truck,5
544,../../Datasets/CIFAR10/images/53167.png,9,truck,0
545,../../Datasets/CIFAR10/images/00409.png,9,truck,5
546,../../Datasets/CIFAR10/images/02672.png,9,truck,5
547,../../Datasets/CIFAR10/images/48293.png,9,truck,5
548,../../Datasets/CIFAR10/images/50281.png,9,truck,5
549,../../Datasets/CIFAR10/images/42415.png,9,truck,5
550,../../Datasets/CIFAR10/images/38268.png,9,truck,5
551,../../Datasets/CIFAR10/images/27753.png,9,truck,5
552,../../Datasets/CIFAR10/images/03144.png,9,truck,3
553,../../Datasets/CIFAR10/images/42682.png,9,truck,5
554,../../Datasets/CIFAR10/images/45285.png,9,truck,5
555,../../Datasets/CIFAR10/images/22188.png,9,truck,5
556,../../Datasets/CIFAR10/images/00595.png,9,truck,5
557,../../Datasets/CIFAR10/images/13918.png,9,truck,5
558,../../Datasets/CIFAR10/images/47239.png,9,truck,0
559,../../Datasets/CIFAR10/images/16736.png,9,truck,5
560,../../Datasets/CIFAR10/images/55181.png,9,truck,5
561,../../Datasets/CIFAR10/images/03924.png,9,truck,5
562,../../Datasets/CIFAR10/images/08355.png,9,truck,5
563,../../Datasets/CIFAR10/images/16603.png,9,truck,5
564,../../Datasets/CIFAR10/images/31454.png,9,truck,5
565,../../Datasets/CIFAR10/images/53100.png,9,truck,5
566,../../Datasets/CIFAR10/images/13035.png,9,truck,5
567,../../Datasets/CIFAR10/images/38118.png,9,truck,5
568,../../Datasets/CIFAR10/images/10179.png,9,truck,5
569,../../Datasets/CIFAR10/images/39051.png,9,truck,5
570,../../Datasets/CIFAR10/images/19499.png,9,truck,5
571,../../Datasets/CIFAR10/images/43326.png,9,truck,5
572,../../Datasets/CIFAR10/images/01768.png,9,truck,0
573,../../Datasets/CIFAR10/images/15338.png,9,truck,5
574,../../Datasets/CIFAR10/images/39362.png,9,truck,5
575,../../Datasets/CIFAR10/images/12836.png,9,truck,5
576,../../Datasets/CIFAR10/images/46724.png,9,truck,5
577,../../Datasets/CIFAR10/images/22695.png,9,truck,5
578,../../Datasets/CIFAR10/images/53129.png,9,truck,5
579,../../Datasets/CIFAR10/images/57807.png,9,truck,0
580,../../Datasets/CIFAR10/images/06088.png,9,truck,5
581,../../Datasets/CIFAR10/images/21794.png,9,truck,5
582,../../Datasets/CIFAR10/images/08395.png,9,truck,5
583,../../Datasets/CIFAR10/images/17704.png,9,truck,5
584,../../Datasets/CIFAR10/images/27019.png,9,truck,5
585,../../Datasets/CIFAR10/images/07945.png,9,truck,5
586,../../Datasets/CIFAR10/images/16593.png,9,truck,5
587,../../Datasets/CIFAR10/images/51708.png,9,truck,5
588,../../Datasets/CIFAR10/images/37794.png,9,truck,5
589,../../Datasets/CIFAR10/images/40073.png,9,truck,5
590,../../Datasets/CIFAR10/images/15931.png,9,truck,0
591,../../Datasets/CIFAR10/images/41905.png,9,truck,5
592,../../Datasets/CIFAR10/images/39732.png,9,truck,5
593,../../Datasets/CIFAR10/images/07792.png,9,truck,5
594,../../Datasets/CIFAR10/images/27257.png,9,truck,5
595,../../Datasets/CIFAR10/images/49932.png,9,truck,5
596,../../Datasets/CIFAR10/images/10468.png,9,truck,5
597,../../Datasets/CIFAR10/images/05192.png,9,truck,5
598,../../Datasets/CIFAR10/images/37724.png,9,truck,0
599,../../Datasets/CIFAR10/images/19412.png,9,truck,0
600,../../Datasets/CIFAR10/images/44565.png,9,truck,5
601,../../Datasets/CIFAR10/images/24028.png,9,truck,5
602,../../Datasets/CIFAR10/images/16308.png,9,truck,5
603,../../Datasets/CIFAR10/images/12187.png,9,truck,5
604,../../Datasets/CIFAR10/images/09047.png,9,truck,5
605,../../Datasets/CIFAR10/images/19280.png,9,truck,5
606,../../Datasets/CIFAR10/images/57114.png,9,truck,5
607,../../Datasets/CIFAR10/images/14618.png,9,truck,5
608,../../Datasets/CIFAR10/images/12041.png,9,truck,5
609,../../Datasets/CIFAR10/images/48261.png,9,truck,5
610,../../Datasets/CIFAR10/images/43553.png,9,truck,5
611,../../Datasets/CIFAR10/images/18072.png,9,truck,4
612,../../Datasets/CIFAR10/images/10039.png,9,truck,0
613,../../Datasets/CIFAR10/images/23445.png,9,truck,5
614,../../Datasets/CIFAR10/images/04588.png,9,truck,5
615,../../Datasets/CIFAR10/images/26869.png,9,truck,5
616,../../Datasets/CIFAR10/images/27576.png,9,truck,5
617,../../Datasets/CIFAR10/images/37198.png,9,truck,5
618,../../Datasets/CIFAR10/images/39118.png,9,truck,5
619,../../Datasets/CIFAR10/images/59561.png,9,truck,5
620,../../Datasets/CIFAR10/images/16721.png,9,truck,5
621,../../Datasets/CIFAR10/images/39833.png,9,truck,5
622,../../Datasets/CIFAR10/images/57180.png,9,truck,5
623,../../Datasets/CIFAR10/images/23430.png,9,truck,5
624,../../Datasets/CIFAR10/images/06172.png,9,truck,5
625,../../Datasets/CIFAR10/images/53700.png,9,truck,5
626,../../Datasets/CIFAR10/images/19334.png,9,truck,5
627,../../Datasets/CIFAR10/images/12542.png,9,truck,5
628,../../Datasets/CIFAR10/images/22922.png,9,truck,0
629,../../Datasets/CIFAR10/images/43690.png,9,truck,5
630,../../Datasets/CIFAR10/images/59304.png,9,truck,5
631,../../Datasets/CIFAR10/images/17886.png,9,truck,5
632,../../Datasets/CIFAR10/images/47842.png,9,truck,5
633,../../Datasets/CIFAR10/images/43017.png,9,truck,5
634,../../Datasets/CIFAR10/images/11659.png,9,truck,5
635,../../Datasets/CIFAR10/images/51385.png,9,truck,5
636,../../Datasets/CIFAR10/images/59599.png,9,truck,5
637,../../Datasets/CIFAR10/images/00215.png,9,truck,5
638,../../Datasets/CIFAR10/images/11718.png,9,truck,5
639,../../Datasets/CIFAR10/images/06150.png,9,truck,5
640,../../Datasets/CIFAR10/images/49027.png,9,truck,5
641,../../Datasets/CIFAR10/images/02794.png,9,truck,5
642,../../Datasets/CIFAR10/images/44679.png,9,truck,5
643,../../Datasets/CIFAR10/images/55513.png,9,truck,5
644,../../Datasets/CIFAR10/images/15481.png,9,truck,5
645,../../Datasets/CIFAR10/images/41635.png,9,truck,5
646,../../Datasets/CIFAR10/images/14572.png,9,truck,5
647,../../Datasets/CIFAR10/images/23090.png,9,truck,5
648,../../Datasets/CIFAR10/images/46179.png,9,truck,5
649,../../Datasets/CIFAR10/images/48151.png,9,truck,5
650,../../Datasets/CIFAR10/images/39832.png,9,truck,5
651,../../Datasets/CIFAR10/images/21122.png,9,truck,0
652,../../Datasets/CIFAR10/images/42225.png,9,truck,5
653,../../Datasets/CIFAR10/images/25624.png,9,truck,5
654,../../Datasets/CIFAR10/images/26760.png,9,truck,5
655,../../Datasets/CIFAR10/images/13882.png,9,truck,5
656,../../Datasets/CIFAR10/images/50971.png,9,truck,5
657,../../Datasets/CIFAR10/images/21838.png,9,truck,5
658,../../Datasets/CIFAR10/images/54381.png,9,truck,5
659,../../Datasets/CIFAR10/images/56805.png,9,truck,5
660,../../Datasets/CIFAR10/images/31525.png,9,truck,5
661,../../Datasets/CIFAR10/images/59134.png,9,truck,4
662,../../Datasets/CIFAR10/images/40743.png,9,truck,5
663,../../Datasets/CIFAR10/images/51440.png,9,truck,0
664,../../Datasets/CIFAR10/images/22652.png,9,truck,5
665,../../Datasets/CIFAR10/images/35522.png,9,truck,5
666,../../Datasets/CIFAR10/images/43327.png,9,truck,5
667,../../Datasets/CIFAR10/images/31644.png,9,truck,5
668,../../Datasets/CIFAR10/images/25605.png,9,truck,5
669,../../Datasets/CIFAR10/images/15925.png,9,truck,5
670,../../Datasets/CIFAR10/images/58519.png,9,truck,5
671,../../Datasets/CIFAR10/images/21697.png,9,truck,5
672,../../Datasets/CIFAR10/images/09653.png,9,truck,5
673,../../Datasets/CIFAR10/images/59321.png,9,truck,5
674,../../Datasets/CIFAR10/images/19688.png,9,truck,5
675,../../Datasets/CIFAR10/images/55485.png,9,truck,5
676,../../Datasets/CIFAR10/images/37032.png,9,truck,5
677,../../Datasets/CIFAR10/images/23932.png,9,truck,5
678,../../Datasets/CIFAR10/images/18338.png,9,truck,5
679,../../Datasets/CIFAR10/images/08759.png,9,truck,5
680,../../Datasets/CIFAR10/images/06003.png,9,truck,5
681,../../Datasets/CIFAR10/images/34574.png,9,truck,5
682,../../Datasets/CIFAR10/images/34646.png,9,truck,5
683,../../Datasets/CIFAR10/images/03653.png,9,truck,5
684,../../Datasets/CIFAR10/images/11153.png,9,truck,0
685,../../Datasets/CIFAR10/images/03720.png,9,truck,5
686,../../Datasets/CIFAR10/images/20457.png,9,truck,5
687,../../Datasets/CIFAR10/images/37576.png,9,truck,5
688,../../Datasets/CIFAR10/images/49643.png,9,truck,5
689,../../Datasets/CIFAR10/images/40508.png,9,truck,5
690,../../Datasets/CIFAR10/images/00032.png,9,truck,5
691,../../Datasets/CIFAR10/images/03705.png,9,truck,5
692,../../Datasets/CIFAR10/images/06276.png,9,truck,5
693,../../Datasets/CIFAR10/images/00658.png,9,truck,5
694,../../Datasets/CIFAR10/images/37583.png,9,truck,5
695,../../Datasets/CIFAR10/images/23304.png,9,truck,5
696,../../Datasets/CIFAR10/images/51583.png,9,truck,5
697,../../Datasets/CIFAR10/images/46357.png,9,truck,5
698,../../Datasets/CIFAR10/images/04691.png,9,truck,5
699,../../Datasets/CIFAR10/images/34074.png,9,truck,5
700,../../Datasets/CIFAR10/images/03238.png,9,truck,5
701,../../Datasets/CIFAR10/images/53296.png,9,truck,5
702,../../Datasets/CIFAR10/images/52291.png,9,truck,5
703,../../Datasets/CIFAR10/images/49075.png,9,truck,5
704,../../Datasets/CIFAR10/images/59220.png,9,truck,5
705,../../Datasets/CIFAR10/images/35796.png,9,truck,5
706,../../Datasets/CIFAR10/images/11774.png,9,truck,5
707,../../Datasets/CIFAR10/images/17140.png,9,truck,5
708,../../Datasets/CIFAR10/images/32767.png,9,truck,0
709,../../Datasets/CIFAR10/images/00386.png,9,truck,5
710,../../Datasets/CIFAR10/images/12289.png,9,truck,5
711,../../Datasets/CIFAR10/images/01830.png,9,truck,4
712,../../Datasets/CIFAR10/images/00271.png,9,truck,5
713,../../Datasets/CIFAR10/images/31541.png,9,truck,5
714,../../Datasets/CIFAR10/images/13666.png,9,truck,5
715,../../Datasets/CIFAR10/images/01468.png,9,truck,5
716,../../Datasets/CIFAR10/images/33810.png,9,truck,5
717,../../Datasets/CIFAR10/images/58333.png,9,truck,5
718,../../Datasets/CIFAR10/images/56883.png,9,truck,5
719,../../Datasets/CIFAR10/images/56189.png,9,truck,5
720,../../Datasets/CIFAR10/images/06365.png,9,truck,5
721,../../Datasets/CIFAR10/images/10521.png,9,truck,5
722,../../Datasets/CIFAR10/images/11857.png,9,truck,5
723,../../Datasets/CIFAR10/images/13808.png,9,truck,5
724,../../Datasets/CIFAR10/images/52553.png,9,truck,5
725,../../Datasets/CIFAR10/images/27594.png,9,truck,5
726,../../Datasets/CIFAR10/images/36011.png,9,truck,5
727,../../Datasets/CIFAR10/images/03033.png,9,truck,5
728,../../Datasets/CIFAR10/images/44089.png,9,truck,0
729,../../Datasets/CIFAR10/images/05612.png,9,truck,5
730,../../Datasets/CIFAR10/images/44011.png,9,truck,5
731,../../Datasets/CIFAR10/images/19175.png,9,truck,4
732,../../Datasets/CIFAR10/images/51793.png,9,truck,5
733,../../Datasets/CIFAR10/images/34773.png,9,truck,4
734,../../Datasets/CIFAR10/images/48920.png,9,truck,5
735,../../Datasets/CIFAR10/images/48653.png,9,truck,5
736,../../Datasets/CIFAR10/images/13871.png,9,truck,5
737,../../Datasets/CIFAR10/images/56115.png,9,truck,5
738,../../Datasets/CIFAR10/images/35671.png,9,truck,5
739,../../Datasets/CIFAR10/images/42290.png,9,truck,5
740,../../Datasets/CIFAR10/images/23980.png,9,truck,5
741,../../Datasets/CIFAR10/images/35252.png,9,truck,5
742,../../Datasets/CIFAR10/images/58932.png,9,truck,5
743,../../Datasets/CIFAR10/images/36402.png,9,truck,5
744,../../Datasets/CIFAR10/images/38301.png,9,truck,5
745,../../Datasets/CIFAR10/images/51914.png,9,truck,5
746,../../Datasets/CIFAR10/images/59368.png,9,truck,5
747,../../Datasets/CIFAR10/images/51825.png,9,truck,5
748,../../Datasets/CIFAR10/images/14587.png,9,truck,0
749,../../Datasets/CIFAR10/images/59675.png,9,truck,5
750,../../Datasets/CIFAR10/images/08808.png,9,truck,5
751,../../Datasets/CIFAR10/images/46630.png,9,truck,5
752,../../Datasets/CIFAR10/images/21490.png,9,truck,5
753,../../Datasets/CIFAR10/images/24002.png,9,truck,5
754,../../Datasets/CIFAR10/images/10931.png,9,truck,5
755,../../Datasets/CIFAR10/images/35128.png,9,truck,5
756,../../Datasets/CIFAR10/images/47538.png,9,truck,5
757,../../Datasets/CIFAR10/images/48988.png,9,truck,5
758,../../Datasets/CIFAR10/images/08429.png,9,truck,5
759,../../Datasets/CIFAR10/images/16318.png,9,truck,5
760,../../Datasets/CIFAR10/images/05477.png,9,truck,5
761,../../Datasets/CIFAR10/images/27440.png,9,truck,5
762,../../Datasets/CIFAR10/images/37015.png,9,truck,5
763,../../Datasets/CIFAR10/images/28714.png,9,truck,5
764,../../Datasets/CIFAR10/images/00189.png,9,truck,5
765,../../Datasets/CIFAR10/images/29307.png,9,truck,5
766,../../Datasets/CIFAR10/images/12817.png,9,truck,0
767,../../Datasets/CIFAR10/images/36560.png,9,truck,5
768,../../Datasets/CIFAR10/images/58727.png,9,truck,5
769,../../Datasets/CIFAR10/images/57579.png,9,truck,5
770,../../Datasets/CIFAR10/images/13907.png,9,truck,5
771,../../Datasets/CIFAR10/images/12406.png,9,truck,5
772,../../Datasets/CIFAR10/images/29169.png,9,truck,5
773,../../Datasets/CIFAR10/images/51283.png,9,truck,5
774,../../Datasets/CIFAR10/images/39015.png,9,truck,5
775,../../Datasets/CIFAR10/images/29496.png,9,truck,5
776,../../Datasets/CIFAR10/images/38517.png,9,truck,5
777,../../Datasets/CIFAR10/images/34252.png,9,truck,5
778,../../Datasets/CIFAR10/images/02841.png,9,truck,5
779,../../Datasets/CIFAR10/images/43788.png,9,truck,5
780,../../Datasets/CIFAR10/images/02478.png,9,truck,5
781,../../Datasets/CIFAR10/images/36698.png,9,truck,5
782,../../Datasets/CIFAR10/images/37434.png,9,truck,5
783,../../Datasets/CIFAR10/images/40886.png,9,truck,5
784,../../Datasets/CIFAR10/images/50509.png,9,truck,5
785,../../Datasets/CIFAR10/images/45060.png,9,truck,5
786,../../Datasets/CIFAR10/images/31546.png,9,truck,5
787,../../Datasets/CIFAR10/images/05998.png,9,truck,5
788,../../Datasets/CIFAR10/images/54337.png,9,truck,5
789,../../Datasets/CIFAR10/images/31830.png,9,truck,5
790,../../Datasets/CIFAR10/images/57711.png,9,truck,5
791,../../Datasets/CIFAR10/images/11174.png,9,truck,5
792,../../Datasets/CIFAR10/images/10286.png,9,truck,5
793,../../Datasets/CIFAR10/images/51988.png,9,truck,5
794,../../Datasets/CIFAR10/images/45997.png,9,truck,5
795,../../Datasets/CIFAR10/images/42174.png,9,truck,5
796,../../Datasets/CIFAR10/images/08588.png,9,truck,5
797,../../Datasets/CIFAR10/images/43333.png,9,truck,5
798,../../Datasets/CIFAR10/images/00111.png,9,truck,5
799,../../Datasets/CIFAR10/images/03775.png,9,truck,5
800,../../Datasets/CIFAR10/images/18095.png,9,truck,5
801,../../Datasets/CIFAR10/images/46005.png,9,truck,5
802,../../Datasets/CIFAR10/images/22816.png,9,truck,5
803,../../Datasets/CIFAR10/images/37072.png,9,truck,5
804,../../Datasets/CIFAR10/images/16374.png,9,truck,5
805,../../Datasets/CIFAR10/images/00068.png,9,truck,5
806,../../Datasets/CIFAR10/images/18931.png,9,truck,5
807,../../Datasets/CIFAR10/images/59384.png,9,truck,5
808,../../Datasets/CIFAR10/images/47698.png,9,truck,5
809,../../Datasets/CIFAR10/images/19244.png,9,truck,5
810,../../Datasets/CIFAR10/images/38542.png,9,truck,5
811,../../Datasets/CIFAR10/images/56687.png,9,truck,5
812,../../Datasets/CIFAR10/images/15977.png,9,truck,5
813,../../Datasets/CIFAR10/images/17022.png,9,truck,5
814,../../Datasets/CIFAR10/images/53122.png,9,truck,5
815,../../Datasets/CIFAR10/images/34286.png,9,truck,5
816,../../Datasets/CIFAR10/images/30824.png,9,truck,5
817,../../Datasets/CIFAR10/images/48623.png,9,truck,5
818,../../Datasets/CIFAR10/images/28989.png,9,truck,5
819,../../Datasets/CIFAR10/images/26770.png,9,truck,5
820,../../Datasets/CIFAR10/images/06246.png,9,truck,5
821,../../Datasets/CIFAR10/images/02530.png,9,truck,5
822,../../Datasets/CIFAR10/images/56148.png,9,truck,5
823,../../Datasets/CIFAR10/images/49370.png,9,truck,5
824,../../Datasets/CIFAR10/images/02633.png,9,truck,5
825,../../Datasets/CIFAR10/images/42740.png,9,truck,5
826,../../Datasets/CIFAR10/images/59392.png,9,truck,5
827,../../Datasets/CIFAR10/images/39840.png,9,truck,5
828,../../Datasets/CIFAR10/images/58313.png,9,truck,5
829,../../Datasets/CIFAR10/images/22544.png,9,truck,5
830,../../Datasets/CIFAR10/images/21183.png,9,truck,5
831,../../Datasets/CIFAR10/images/43947.png,9,truck,5
832,../../Datasets/CIFAR10/images/38753.png,9,truck,5
833,../../Datasets/CIFAR10/images/55939.png,9,truck,5
834,../../Datasets/CIFAR10/images/32553.png,9,truck,5
835,../../Datasets/CIFAR10/images/42472.png,9,truck,5
836,../../Datasets/CIFAR10/images/46306.png,9,truck,5
837,../../Datasets/CIFAR10/images/24524.png,9,truck,5
838,../../Datasets/CIFAR10/images/55316.png,9,truck,5
839,../../Datasets/CIFAR10/images/04458.png,9,truck,5
840,../../Datasets/CIFAR10/images/40859.png,9,truck,5
841,../../Datasets/CIFAR10/images/01506.png,9,truck,0
842,../../Datasets/CIFAR10/images/23727.png,9,truck,5
843,../../Datasets/CIFAR10/images/59464.png,9,truck,0
844,../../Datasets/CIFAR10/images/00769.png,9,truck,5
845,../../Datasets/CIFAR10/images/41632.png,9,truck,5
846,../../Datasets/CIFAR10/images/44920.png,9,truck,5
847,../../Datasets/CIFAR10/images/29117.png,9,truck,4
848,../../Datasets/CIFAR10/images/54285.png,9,truck,5
849,../../Datasets/CIFAR10/images/37572.png,9,truck,5
850,../../Datasets/CIFAR10/images/28011.png,9,truck,5
851,../../Datasets/CIFAR10/images/13768.png,9,truck,5
852,../../Datasets/CIFAR10/images/37250.png,9,truck,5
853,../../Datasets/CIFAR10/images/16918.png,9,truck,5
854,../../Datasets/CIFAR10/images/02552.png,9,truck,5
855,../../Datasets/CIFAR10/images/04890.png,9,truck,5
856,../../Datasets/CIFAR10/images/31775.png,9,truck,5
857,../../Datasets/CIFAR10/images/51262.png,9,truck,5
858,../../Datasets/CIFAR10/images/02759.png,9,truck,5
859,../../Datasets/CIFAR10/images/26651.png,9,truck,5
860,../../Datasets/CIFAR10/images/52280.png,9,truck,5
861,../../Datasets/CIFAR10/images/34992.png,9,truck,5
862,../../Datasets/CIFAR10/images/40904.png,9,truck,5
863,../../Datasets/CIFAR10/images/28208.png,9,truck,5
864,../../Datasets/CIFAR10/images/15120.png,9,truck,5
865,../../Datasets/CIFAR10/images/22151.png,9,truck,5
866,../../Datasets/CIFAR10/images/49074.png,9,truck,4
867,../../Datasets/CIFAR10/images/06812.png,9,truck,5
868,../../Datasets/CIFAR10/images/47125.png,9,truck,5
869,../../Datasets/CIFAR10/images/30028.png,9,truck,5
870,../../Datasets/CIFAR10/images/06287.png,9,truck,0
871,../../Datasets/CIFAR10/images/02668.png,9,truck,5
872,../../Datasets/CIFAR10/images/05613.png,9,truck,5
873,../../Datasets/CIFAR10/images/24409.png,9,truck,3
874,../../Datasets/CIFAR10/images/53656.png,9,truck,5
875,../../Datasets/CIFAR10/images/38769.png,9,truck,5
876,../../Datasets/CIFAR10/images/13530.png,9,truck,5
877,../../Datasets/CIFAR10/images/09066.png,9,truck,5
878,../../Datasets/CIFAR10/images/10124.png,9,truck,5
879,../../Datasets/CIFAR10/images/26586.png,9,truck,5
880,../../Datasets/CIFAR10/images/36077.png,9,truck,5
881,../../Datasets/CIFAR10/images/44392.png,9,truck,5
882,../../Datasets/CIFAR10/images/48545.png,9,truck,5
883,../../Datasets/CIFAR10/images/21855.png,9,truck,5
884,../../Datasets/CIFAR10/images/29183.png,9,truck,5
885,../../Datasets/CIFAR10/images/56137.png,9,truck,5
886,../../Datasets/CIFAR10/images/43282.png,9,truck,5
887,../../Datasets/CIFAR10/images/19506.png,9,truck,5
888,../../Datasets/CIFAR10/images/22634.png,9,truck,5
889,../../Datasets/CIFAR10/images/51466.png,9,truck,5
890,../../Datasets/CIFAR10/images/35543.png,9,truck,5
891,../../Datasets/CIFAR10/images/04253.png,9,truck,0
892,../../Datasets/CIFAR10/images/00554.png,9,truck,5
893,../../Datasets/CIFAR10/images/21519.png,9,truck,5
894,../../Datasets/CIFAR10/images/30947.png,9,truck,5
895,../../Datasets/CIFAR10/images/59248.png,9,truck,5
896,../../Datasets/CIFAR10/images/16518.png,9,truck,5
897,../../Datasets/CIFAR10/images/00971.png,9,truck,0
898,../../Datasets/CIFAR10/images/47786.png,9,truck,5
899,../../Datasets/CIFAR10/images/57074.png,9,truck,5
900,../../Datasets/CIFAR10/images/14627.png,9,truck,5
901,../../Datasets/CIFAR10/images/24925.png,9,truck,5
902,../../Datasets/CIFAR10/images/01362.png,9,truck,5
903,../../Datasets/CIFAR10/images/16708.png,9,truck,5
904,../../Datasets/CIFAR10/images/54598.png,9,truck,5
905,../../Datasets/CIFAR10/images/24986.png,9,truck,5
906,../../Datasets/CIFAR10/images/42245.png,9,truck,5
907,../../Datasets/CIFAR10/images/36755.png,9,truck,5
908,../../Datasets/CIFAR10/images/40175.png,9,truck,5
909,../../Datasets/CIFAR10/images/37445.png,9,truck,5
910,../../Datasets/CIFAR10/images/47701.png,9,truck,5
911,../../Datasets/CIFAR10/images/25477.png,9,truck,5
912,../../Datasets/CIFAR10/images/08417.png,9,truck,5
913,../../Datasets/CIFAR10/images/16745.png,9,truck,5
914,../../Datasets/CIFAR10/images/22453.png,9,truck,5
915,../../Datasets/CIFAR10/images/15694.png,9,truck,5
916,../../Datasets/CIFAR10/images/49209.png,9,truck,5
917,../../Datasets/CIFAR10/images/10406.png,9,truck,5
918,../../Datasets/CIFAR10/images/44353.png,9,truck,5
919,../../Datasets/CIFAR10/images/26597.png,9,truck,5
920,../../Datasets/CIFAR10/images/16643.png,9,truck,5
921,../../Datasets/CIFAR10/images/17372.png,9,truck,5
922,../../Datasets/CIFAR10/images/51655.png,9,truck,5
923,../../Datasets/CIFAR10/images/38431.png,9,truck,5
924,../../Datasets/CIFAR10/images/29432.png,9,truck,5
925,../../Datasets/CIFAR10/images/58414.png,9,truck,0
926,../../Datasets/CIFAR10/images/28602.png,9,truck,5
927,../../Datasets/CIFAR10/images/19312.png,9,truck,5
928,../../Datasets/CIFAR10/images/19954.png,9,truck,5
929,../../Datasets/CIFAR10/images/03706.png,9,truck,5
930,../../Datasets/CIFAR10/images/53847.png,9,truck,5
931,../../Datasets/CIFAR10/images/35380.png,9,truck,5
932,../../Datasets/CIFAR10/images/54852.png,9,truck,5
933,../../Datasets/CIFAR10/images/17098.png,9,truck,5
934,../../Datasets/CIFAR10/images/28535.png,9,truck,5
935,../../Datasets/CIFAR10/images/30559.png,9,truck,5
936,../../Datasets/CIFAR10/images/48950.png,9,truck,5
937,../../Datasets/CIFAR10/images/00110.png,9,truck,5
938,../../Datasets/CIFAR10/images/22153.png,9,truck,0
939,../../Datasets/CIFAR10/images/10582.png,9,truck,5
940,../../Datasets/CIFAR10/images/10860.png,9,truck,0
941,../../Datasets/CIFAR10/images/22916.png,9,truck,5
942,../../Datasets/CIFAR10/images/25898.png,9,truck,5
943,../../Datasets/CIFAR10/images/01434.png,9,truck,5
944,../../Datasets/CIFAR10/images/07415.png,9,truck,5
945,../../Datasets/CIFAR10/images/54325.png,9,truck,5
946,../../Datasets/CIFAR10/images/09214.png,9,truck,5
947,../../Datasets/CIFAR10/images/28748.png,9,truck,5
948,../../Datasets/CIFAR10/images/55499.png,9,truck,5
949,../../Datasets/CIFAR10/images/30638.png,9,truck,5
950,../../Datasets/CIFAR10/images/03393.png,9,truck,5
951,../../Datasets/CIFAR10/images/11361.png,9,truck,5
952,../../Datasets/CIFAR10/images/18393.png,9,truck,5
953,../../Datasets/CIFAR10/images/37068.png,9,truck,5
954,../../Datasets/CIFAR10/images/46297.png,9,truck,0
955,../../Datasets/CIFAR10/images/07420.png,9,truck,5
956,../../Datasets/CIFAR10/images/05173.png,9,truck,5
957,../../Datasets/CIFAR10/images/39624.png,9,truck,0
958,../../Datasets/CIFAR10/images/49834.png,9,truck,5
959,../../Datasets/CIFAR10/images/53756.png,9,truck,0
960,../../Datasets/CIFAR10/images/04143.png,9,truck,5
961,../../Datasets/CIFAR10/images/50539.png,9,truck,5
962,../../Datasets/CIFAR10/images/23275.png,9,truck,5
963,../../Datasets/CIFAR10/images/20463.png,9,truck,4
964,../../Datasets/CIFAR10/images/38688.png,9,truck,5
965,../../Datasets/CIFAR10/images/06517.png,9,truck,5
966,../../Datasets/CIFAR10/images/27288.png,9,truck,5
967,../../Datasets/CIFAR10/images/42247.png,9,truck,5
968,../../Datasets/CIFAR10/images/08088.png,9,truck,5
969,../../Datasets/CIFAR10/images/31743.png,9,truck,0
970,../../Datasets/CIFAR10/images/46831.png,9,truck,5
971,../../Datasets/CIFAR10/images/26062.png,9,truck,5
972,../../Datasets/CIFAR10/images/16885.png,9,truck,5
973,../../Datasets/CIFAR10/images/15032.png,9,truck,5
974,../../Datasets/CIFAR10/images/40896.png,9,truck,5
975,../../Datasets/CIFAR10/images/17580.png,9,truck,5
976,../../Datasets/CIFAR10/images/40735.png,9,truck,5
977,../../Datasets/CIFAR10/images/28460.png,9,truck,5
978,../../Datasets/CIFAR10/images/16235.png,9,truck,5
979,../../Datasets/CIFAR10/images/04604.png,9,truck,5
980,../../Datasets/CIFAR10/images/04702.png,9,truck,5
981,../../Datasets/CIFAR10/images/01063.png,9,truck,5
982,../../Datasets/CIFAR10/images/15691.png,9,truck,5
983,../../Datasets/CIFAR10/images/42982.png,9,truck,5
984,../../Datasets/CIFAR10/images/47188.png,9,truck,5
985,../../Datasets/CIFAR10/images/16492.png,9,truck,5
986,../../Datasets/CIFAR10/images/48099.png,9,truck,5
987,../../Datasets/CIFAR10/images/33488.png,9,truck,5
988,../../Datasets/CIFAR10/images/48314.png,9,truck,5
989,../../Datasets/CIFAR10/images/17394.png,9,truck,5
990,../../Datasets/CIFAR10/images/12730.png,9,truck,5
991,../../Datasets/CIFAR10/images/08111.png,9,truck,5
992,../../Datasets/CIFAR10/images/51925.png,9,truck,3
993,../../Datasets/CIFAR10/images/26447.png,9,truck,5
994,../../Datasets/CIFAR10/images/44811.png,9,truck,5
995,../../Datasets/CIFAR10/images/25801.png,9,truck,5
996,../../Datasets/CIFAR10/images/38407.png,9,truck,5
997,../../Datasets/CIFAR10/images/23570.png,9,truck,5
998,../../Datasets/CIFAR10/images/21924.png,9,truck,5
999,../../Datasets/CIFAR10/images/37384.png,9,truck,5
1000,../../Datasets/CIFAR10/images/22754.png,9,truck,5
1001,../../Datasets/CIFAR10/images/10139.png,9,truck,5
1002,../../Datasets/CIFAR10/images/18206.png,9,truck,5
1003,../../Datasets/CIFAR10/images/32134.png,9,truck,5
1004,../../Datasets/CIFAR10/images/05622.png,9,truck,5
1005,../../Datasets/CIFAR10/images/27292.png,9,truck,5
1006,../../Datasets/CIFAR10/images/06414.png,9,truck,5
1007,../../Datasets/CIFAR10/images/10770.png,9,truck,5
1008,../../Datasets/CIFAR10/images/34879.png,9,truck,5
1009,../../Datasets/CIFAR10/images/41841.png,9,truck,5
1010,../../Datasets/CIFAR10/images/36043.png,9,truck,5
1011,../../Datasets/CIFAR10/images/54867.png,9,truck,0
1012,../../Datasets/CIFAR10/images/06361.png,9,truck,5
1013,../../Datasets/CIFAR10/images/42396.png,9,truck,5
1014,../../Datasets/CIFAR10/images/08318.png,9,truck,5
1015,../../Datasets/CIFAR10/images/49689.png,9,truck,5
1016,../../Datasets/CIFAR10/images/47006.png,9,truck,5
1017,../../Datasets/CIFAR10/images/32097.png,9,truck,5
1018,../../Datasets/CIFAR10/images/51627.png,9,truck,5
1019,../../Datasets/CIFAR10/images/41362.png,9,truck,5
1020,../../Datasets/CIFAR10/images/27592.png,9,truck,5
1021,../../Datasets/CIFAR10/images/30854.png,9,truck,5
1022,../../Datasets/CIFAR10/images/23878.png,9,truck,5
1023,../../Datasets/CIFAR10/images/06526.png,9,truck,5
1024,../../Datasets/CIFAR10/images/38562.png,9,truck,5
1025,../../Datasets/CIFAR10/images/39454.png,9,truck,5
1026,../../Datasets/CIFAR10/images/54194.png,9,truck,5
1027,../../Datasets/CIFAR10/images/14696.png,9,truck,5
1028,../../Datasets/CIFAR10/images/54099.png,9,truck,5
1029,../../Datasets/CIFAR10/images/29986.png,9,truck,5
1030,../../Datasets/CIFAR10/images/23905.png,9,truck,5
1031,../../Datasets/CIFAR10/images/24064.png,9,truck,5
1032,../../Datasets/CIFAR10/images/25121.png,9,truck,5
1033,../../Datasets/CIFAR10/images/59733.png,9,truck,0
1034,../../Datasets/CIFAR10/images/59027.png,9,truck,5
1035,../../Datasets/CIFAR10/images/19191.png,9,truck,5
1036,../../Datasets/CIFAR10/images/51838.png,9,truck,0
1037,../../Datasets/CIFAR10/images/05663.png,9,truck,5
1038,../../Datasets/CIFAR10/images/29993.png,9,truck,5
1039,../../Datasets/CIFAR10/images/18760.png,9,truck,5
1040,../../Datasets/CIFAR10/images/38406.png,9,truck,5
1041,../../Datasets/CIFAR10/images/39845.png,9,truck,5
1042,../../Datasets/CIFAR10/images/16204.png,9,truck,5
1043,../../Datasets/CIFAR10/images/48166.png,9,truck,5
1044,../../Datasets/CIFAR10/images/16408.png,9,truck,5
1045,../../Datasets/CIFAR10/images/04676.png,9,truck,5
1046,../../Datasets/CIFAR10/images/40182.png,9,truck,5
1047,../../Datasets/CIFAR10/images/40131.png,9,truck,5
1048,../../Datasets/CIFAR10/images/15598.png,9,truck,0
1049,../../Datasets/CIFAR10/images/27120.png,9,truck,5
1050,../../Datasets/CIFAR10/images/15210.png,9,truck,5
1051,../../Datasets/CIFAR10/images/11313.png,9,truck,3
1052,../../Datasets/CIFAR10/images/46164.png,9,truck,5
1053,../../Datasets/CIFAR10/images/18214.png,9,truck,5
1054,../../Datasets/CIFAR10/images/11384.png,9,truck,5
1055,../../Datasets/CIFAR10/images/59546.png,9,truck,5
1056,../../Datasets/CIFAR10/images/07646.png,9,truck,0
1057,../../Datasets/CIFAR10/images/57643.png,9,truck,5
1058,../../Datasets/CIFAR10/images/45782.png,9,truck,5
1059,../../Datasets/CIFAR10/images/29350.png,9,truck,5
1060,../../Datasets/CIFAR10/images/55088.png,9,truck,5
1061,../../Datasets/CIFAR10/images/34917.png,9,truck,5
1062,../../Datasets/CIFAR10/images/49124.png,9,truck,5
1063,../../Datasets/CIFAR10/images/21593.png,9,truck,5
1064,../../Datasets/CIFAR10/images/43512.png,9,truck,4
1065,../../Datasets/CIFAR10/images/45242.png,9,truck,5
1066,../../Datasets/CIFAR10/images/44450.png,9,truck,5
1067,../../Datasets/CIFAR10/images/46025.png,9,truck,5
1068,../../Datasets/CIFAR10/images/40811.png,9,truck,5
1069,../../Datasets/CIFAR10/images/33869.png,9,truck,5
1070,../../Datasets/CIFAR10/images/28391.png,9,truck,5
1071,../../Datasets/CIFAR10/images/39985.png,9,truck,5
1072,../../Datasets/CIFAR10/images/50567.png,9,truck,5
1073,../../Datasets/CIFAR10/images/25361.png,9,truck,5
1074,../../Datasets/CIFAR10/images/14955.png,9,truck,5
1075,../../Datasets/CIFAR10/images/52020.png,9,truck,5
1076,../../Datasets/CIFAR10/images/40394.png,9,truck,5
1077,../../Datasets/CIFAR10/images/18489.png,9,truck,5
1078,../../Datasets/CIFAR10/images/44652.png,9,truck,5
1079,../../Datasets/CIFAR10/images/35058.png,9,truck,5
1080,../../Datasets/CIFAR10/images/33931.png,9,truck,5
1081,../../Datasets/CIFAR10/images/57955.png,9,truck,5
1082,../../Datasets/CIFAR10/images/16489.png,9,truck,5
1083,../../Datasets/CIFAR10/images/53854.png,9,truck,5
1084,../../Datasets/CIFAR10/images/16363.png,9,truck,5
1085,../../Datasets/CIFAR10/images/06728.png,9,truck,5
1086,../../Datasets/CIFAR10/images/01202.png,9,truck,5
1087,../../Datasets/CIFAR10/images/42705.png,9,truck,0
1088,../../Datasets/CIFAR10/images/06175.png,9,truck,5
1089,../../Datasets/CIFAR10/images/46809.png,9,truck,5
1090,../../Datasets/CIFAR10/images/38427.png,9,truck,5
1091,../../Datasets/CIFAR10/images/01463.png,9,truck,5
1092,../../Datasets/CIFAR10/images/25655.png,9,truck,5
1093,../../Datasets/CIFAR10/images/10376.png,9,truck,5
1094,../../Datasets/CIFAR10/images/34135.png,9,truck,5
1095,../../Datasets/CIFAR10/images/07704.png,9,truck,5
1096,../../Datasets/CIFAR10/images/19832.png,9,truck,0
1097,../../Datasets/CIFAR10/images/28234.png,9,truck,5
1098,../../Datasets/CIFAR10/images/22039.png,9,truck,0
1099,../../Datasets/CIFAR10/images/57235.png,9,truck,5
1100,../../Datasets/CIFAR10/images/49182.png,9,truck,5
1101,../../Datasets/CIFAR10/images/26512.png,9,truck,0
1102,../../Datasets/CIFAR10/images/56392.png,9,truck,5
1103,../../Datasets/CIFAR10/images/03076.png,9,truck,5
1104,../../Datasets/CIFAR10/images/20996.png,9,truck,5
1105,../../Datasets/CIFAR10/images/33484.png,9,truck,5
1106,../../Datasets/CIFAR10/images/53733.png,9,truck,5
1107,../../Datasets/CIFAR10/images/05852.png,9,truck,5
1108,../../Datasets/CIFAR10/images/50939.png,9,truck,5
1109,../../Datasets/CIFAR10/images/29235.png,9,truck,5
1110,../../Datasets/CIFAR10/images/06547.png,9,truck,5
1111,../../Datasets/CIFAR10/images/47364.png,9,truck,5
1112,../../Datasets/CIFAR10/images/01603.png,9,truck,5
1113,../../Datasets/CIFAR10/images/38502.png,9,truck,5
1114,../../Datasets/CIFAR10/images/50655.png,9,truck,5
1115,../../Datasets/CIFAR10/images/13209.png,9,truck,5
1116,../../Datasets/CIFAR10/images/47693.png,9,truck,0
1117,../../Datasets/CIFAR10/images/09004.png,9,truck,5
1118,../../Datasets/CIFAR10/images/05229.png,9,truck,5
1119,../../Datasets/CIFAR10/images/56035.png,9,truck,5
1120,../../Datasets/CIFAR10/images/24437.png,9,truck,5
1121,../../Datasets/CIFAR10/images/48673.png,9,truck,5
1122,../../Datasets/CIFAR10/images/39700.png,9,truck,0
1123,../../Datasets/CIFAR10/images/47570.png,9,truck,5
1124,../../Datasets/CIFAR10/images/25484.png,9,truck,5
1125,../../Datasets/CIFAR10/images/52976.png,9,truck,5
1126,../../Datasets/CIFAR10/images/07892.png,9,truck,5
1127,../../Datasets/CIFAR10/images/43272.png,9,truck,0
1128,../../Datasets/CIFAR10/images/07658.png,9,truck,4
1129,../../Datasets/CIFAR10/images/00613.png,9,truck,5
1130,../../Datasets/CIFAR10/images/38743.png,9,truck,5
1131,../../Datasets/CIFAR10/images/49125.png,9,truck,5
1132,../../Datasets/CIFAR10/images/35184.png,9,truck,5
1133,../../Datasets/CIFAR10/images/50384.png,9,truck,5
1134,../../Datasets/CIFAR10/images/42141.png,9,truck,5
1135,../../Datasets/CIFAR10/images/27342.png,9,truck,5
1136,../../Datasets/CIFAR10/images/54537.png,9,truck,5
1137,../../Datasets/CIFAR10/images/38664.png,9,truck,5
1138,../../Datasets/CIFAR10/images/01797.png,9,truck,5
1139,../../Datasets/CIFAR10/images/41157.png,9,truck,5
1140,../../Datasets/CIFAR10/images/50172.png,9,truck,5
1141,../../Datasets/CIFAR10/images/56571.png,9,truck,4
1142,../../Datasets/CIFAR10/images/33433.png,9,truck,5
1143,../../Datasets/CIFAR10/images/32821.png,9,truck,5
1144,../../Datasets/CIFAR10/images/07839.png,9,truck,5
1145,../../Datasets/CIFAR10/images/10660.png,9,truck,5
1146,../../Datasets/CIFAR10/images/32725.png,9,truck,5
1147,../../Datasets/CIFAR10/images/10831.png,9,truck,5
1148,../../Datasets/CIFAR10/images/53164.png,9,truck,5
1149,../../Datasets/CIFAR10/images/01079.png,9,truck,5
1150,../../Datasets/CIFAR10/images/10449.png,9,truck,5
1151,../../Datasets/CIFAR10/images/14724.png,9,truck,5
1152,../../Datasets/CIFAR10/images/14881.png,9,truck,0
1153,../../Datasets/CIFAR10/images/39674.png,9,truck,5
1154,../../Datasets/CIFAR10/images/13001.png,9,truck,5
1155,../../Datasets/CIFAR10/images/30421.png,9,truck,5
1156,../../Datasets/CIFAR10/images/52877.png,9,truck,5
1157,../../Datasets/CIFAR10/images/20025.png,9,truck,4
1158,../../Datasets/CIFAR10/images/12064.png,9,truck,5
1159,../../Datasets/CIFAR10/images/58507.png,9,truck,5
1160,../../Datasets/CIFAR10/images/13740.png,9,truck,5
1161,../../Datasets/CIFAR10/images/35626.png,9,truck,5
1162,../../Datasets/CIFAR10/images/31253.png,9,truck,5
1163,../../Datasets/CIFAR10/images/23718.png,9,truck,5
1164,../../Datasets/CIFAR10/images/50952.png,9,truck,5
1165,../../Datasets/CIFAR10/images/27816.png,9,truck,5
1166,../../Datasets/CIFAR10/images/21290.png,9,truck,5
1167,../../Datasets/CIFAR10/images/57687.png,9,truck,3
1168,../../Datasets/CIFAR10/images/20855.png,9,truck,0
1169,../../Datasets/CIFAR10/images/39586.png,9,truck,5
1170,../../Datasets/CIFAR10/images/47279.png,9,truck,3
1171,../../Datasets/CIFAR10/images/01044.png,9,truck,5
1172,../../Datasets/CIFAR10/images/29669.png,9,truck,5
1173,../../Datasets/CIFAR10/images/38482.png,9,truck,5
1174,../../Datasets/CIFAR10/images/49207.png,9,truck,5
1175,../../Datasets/CIFAR10/images/09948.png,9,truck,5
1176,../../Datasets/CIFAR10/images/38160.png,9,truck,5
1177,../../Datasets/CIFAR10/images/18751.png,9,truck,5
1178,../../Datasets/CIFAR10/images/13890.png,9,truck,5
1179,../../Datasets/CIFAR10/images/53671.png,9,truck,5
1180,../../Datasets/CIFAR10/images/22241.png,9,truck,5
1181,../../Datasets/CIFAR10/images/48333.png,9,truck,5
1182,../../Datasets/CIFAR10/images/38495.png,9,truck,5
1183,../../Datasets/CIFAR10/images/47008.png,9,truck,5
1184,../../Datasets/CIFAR10/images/50681.png,9,truck,5
1185,../../Datasets/CIFAR10/images/26519.png,9,truck,5
1186,../../Datasets/CIFAR10/images/36051.png,9,truck,4
1187,../../Datasets/CIFAR10/images/00764.png,9,truck,5
1188,../../Datasets/CIFAR10/images/18440.png,9,truck,5
1189,../../Datasets/CIFAR10/images/45574.png,9,truck,4
1190,../../Datasets/CIFAR10/images/11293.png,9,truck,5
1191,../../Datasets/CIFAR10/images/10031.png,9,truck,5
1192,../../Datasets/CIFAR10/images/44970.png,9,truck,5
1193,../../Datasets/CIFAR10/images/19935.png,9,truck,5
1194,../../Datasets/CIFAR10/images/48052.png,9,truck,5
1195,../../Datasets/CIFAR10/images/28975.png,9,truck,5
1196,../../Datasets/CIFAR10/images/36459.png,9,truck,5
1197,../../Datasets/CIFAR10/images/58728.png,9,truck,3
1198,../../Datasets/CIFAR10/images/47406.png,9,truck,5
1199,../../Datasets/CIFAR10/images/27696.png,9,truck,5
1200,../../Datasets/CIFAR10/images/49905.png,9,truck,5
1201,../../Datasets/CIFAR10/images/34754.png,9,truck,5
1202,../../Datasets/CIFAR10/images/04613.png,9,truck,5
1203,../../Datasets/CIFAR10/images/16263.png,9,truck,0
1204,../../Datasets/CIFAR10/images/00439.png,9,truck,5
1205,../../Datasets/CIFAR10/images/35845.png,9,truck,5
1206,../../Datasets/CIFAR10/images/21160.png,9,truck,5
1207,../../Datasets/CIFAR10/images/16974.png,9,truck,5
1208,../../Datasets/CIFAR10/images/08146.png,9,truck,5
1209,../../Datasets/CIFAR10/images/00704.png,9,truck,0
1210,../../Datasets/CIFAR10/images/46745.png,9,truck,5
1211,../../Datasets/CIFAR10/images/59959.png,9,truck,5
1212,../../Datasets/CIFAR10/images/47029.png,9,truck,5
1213,../../Datasets/CIFAR10/images/16774.png,9,truck,5
1214,../../Datasets/CIFAR10/images/02854.png,9,truck,0
1215,../../Datasets/CIFAR10/images/47084.png,9,truck,4
1216,../../Datasets/CIFAR10/images/42140.png,9,truck,0
1217,../../Datasets/CIFAR10/images/17062.png,9,truck,5
1218,../../Datasets/CIFAR10/images/31990.png,9,truck,5
1219,../../Datasets/CIFAR10/images/48034.png,9,truck,5
1220,../../Datasets/CIFAR10/images/30676.png,9,truck,5
1221,../../Datasets/CIFAR10/images/33434.png,9,truck,5
1222,../../Datasets/CIFAR10/images/11600.png,9,truck,5
1223,../../Datasets/CIFAR10/images/47087.png,9,truck,5
1224,../../Datasets/CIFAR10/images/16618.png,9,truck,5
1225,../../Datasets/CIFAR10/images/45841.png,9,truck,5
1226,../../Datasets/CIFAR10/images/52308.png,9,truck,5
1227,../../Datasets/CIFAR10/images/03649.png,9,truck,5
1228,../../Datasets/CIFAR10/images/10307.png,9,truck,5
1229,../../Datasets/CIFAR10/images/08311.png,9,truck,5
1230,../../Datasets/CIFAR10/images/34844.png,9,truck,5
1231,../../Datasets/CIFAR10/images/17717.png,9,truck,5
1232,../../Datasets/CIFAR10/images/11804.png,9,truck,5
1233,../../Datasets/CIFAR10/images/28352.png,9,truck,5
1234,../../Datasets/CIFAR10/images/53874.png,9,truck,5
1235,../../Datasets/CIFAR10/images/18581.png,9,truck,5
1236,../../Datasets/CIFAR10/images/48193.png,9,truck,5
1237,../../Datasets/CIFAR10/images/02819.png,9,truck,0
1238,../../Datasets/CIFAR10/images/40216.png,9,truck,5
1239,../../Datasets/CIFAR10/images/26942.png,9,truck,5
1240,../../Datasets/CIFAR10/images/12249.png,9,truck,5
1241,../../Datasets/CIFAR10/images/53169.png,9,truck,4
1242,../../Datasets/CIFAR10/images/56812.png,9,truck,5
1243,../../Datasets/CIFAR10/images/02962.png,9,truck,5
1244,../../Datasets/CIFAR10/images/17799.png,9,truck,0
1245,../../Datasets/CIFAR10/images/14463.png,9,truck,5
1246,../../Datasets/CIFAR10/images/51107.png,9,truck,5
1247,../../Datasets/CIFAR10/images/28160.png,9,truck,5
1248,../../Datasets/CIFAR10/images/27421.png,9,truck,5
1249,../../Datasets/CIFAR10/images/35559.png,9,truck,5
1250,../../Datasets/CIFAR10/images/06706.png,9,truck,5
1251,../../Datasets/CIFAR10/images/48309.png,9,truck,5
1252,../../Datasets/CIFAR10/images/57631.png,9,truck,5
1253,../../Datasets/CIFAR10/images/27351.png,9,truck,5
1254,../../Datasets/CIFAR10/images/59144.png,9,truck,5
1255,../../Datasets/CIFAR10/images/39582.png,9,truck,5
1256,../../Datasets/CIFAR10/images/56546.png,9,truck,4
1257,../../Datasets/CIFAR10/images/48869.png,9,truck,5
1258,../../Datasets/CIFAR10/images/55333.png,9,truck,5
1259,../../Datasets/CIFAR10/images/12719.png,9,truck,5
1260,../../Datasets/CIFAR10/images/12655.png,9,truck,0
1261,../../Datasets/CIFAR10/images/28216.png,9,truck,5
1262,../../Datasets/CIFAR10/images/27341.png,9,truck,5
1263,../../Datasets/CIFAR10/images/14009.png,9,truck,5
1264,../../Datasets/CIFAR10/images/15250.png,9,truck,5
1265,../../Datasets/CIFAR10/images/11721.png,9,truck,5
1266,../../Datasets/CIFAR10/images/41090.png,9,truck,5
1267,../../Datasets/CIFAR10/images/50137.png,9,truck,5
1268,../../Datasets/CIFAR10/images/14434.png,9,truck,5
1269,../../Datasets/CIFAR10/images/58674.png,9,truck,5
1270,../../Datasets/CIFAR10/images/59518.png,9,truck,5
1271,../../Datasets/CIFAR10/images/46775.png,9,truck,5
1272,../../Datasets/CIFAR10/images/27718.png,9,truck,5
1273,../../Datasets/CIFAR10/images/06871.png,9,truck,5
1274,../../Datasets/CIFAR10/images/08511.png,9,truck,5
1275,../../Datasets/CIFAR10/images/31491.png,9,truck,5
1276,../../Datasets/CIFAR10/images/50035.png,9,truck,5
1277,../../Datasets/CIFAR10/images/08836.png,9,truck,5
1278,../../Datasets/CIFAR10/images/15496.png,9,truck,5
1279,../../Datasets/CIFAR10/images/38403.png,9,truck,5
1280,../../Datasets/CIFAR10/images/05592.png,9,truck,5
1281,../../Datasets/CIFAR10/images/43040.png,9,truck,5
1282,../../Datasets/CIFAR10/images/55441.png,9,truck,5
1283,../../Datasets/CIFAR10/images/53315.png,9,truck,5
1284,../../Datasets/CIFAR10/images/07400.png,9,truck,5
1285,../../Datasets/CIFAR10/images/42048.png,9,truck,5
1286,../../Datasets/CIFAR10/images/21563.png,9,truck,5
1287,../../Datasets/CIFAR10/images/14084.png,9,truck,3
1288,../../Datasets/CIFAR10/images/42876.png,9,truck,5
1289,../../Datasets/CIFAR10/images/21479.png,9,truck,5
1290,../../Datasets/CIFAR10/images/53842.png,9,truck,5
1291,../../Datasets/CIFAR10/images/27031.png,9,truck,5
1292,../../Datasets/CIFAR10/images/15198.png,9,truck,5
1293,../../Datasets/CIFAR10/images/15638.png,9,truck,5
1294,../../Datasets/CIFAR10/images/27041.png,9,truck,5
1295,../../Datasets/CIFAR10/images/01280.png,9,truck,5
1296,../../Datasets/CIFAR10/images/51832.png,9,truck,5
1297,../../Datasets/CIFAR10/images/48435.png,9,truck,5
1298,../../Datasets/CIFAR10/images/41384.png,9,truck,5
1299,../../Datasets/CIFAR10/images/41615.png,9,truck,5
1300,../../Datasets/CIFAR10/images/35747.png,9,truck,5
1301,../../Datasets/CIFAR10/images/04437.png,9,truck,5
1302,../../Datasets/CIFAR10/images/31963.png,9,truck,5
1303,../../Datasets/CIFAR10/images/01419.png,9,truck,5
1304,../../Datasets/CIFAR10/images/57492.png,9,truck,0
1305,../../Datasets/CIFAR10/images/55981.png,9,truck,5
1306,../../Datasets/CIFAR10/images/26973.png,9,truck,5
1307,../../Datasets/CIFAR10/images/54440.png,9,truck,5
1308,../../Datasets/CIFAR10/images/37928.png,9,truck,5
1309,../../Datasets/CIFAR10/images/20600.png,9,truck,5
1310,../../Datasets/CIFAR10/images/40167.png,9,truck,5
1311,../../Datasets/CIFAR10/images/37286.png,9,truck,5
1312,../../Datasets/CIFAR10/images/19924.png,9,truck,5
1313,../../Datasets/CIFAR10/images/47593.png,9,truck,0
1314,../../Datasets/CIFAR10/images/33473.png,9,truck,5
1315,../../Datasets/CIFAR10/images/12153.png,9,truck,5
1316,../../Datasets/CIFAR10/images/05236.png,9,truck,5
1317,../../Datasets/CIFAR10/images/42254.png,9,truck,5
1318,../../Datasets/CIFAR10/images/02021.png,9,truck,5
1319,../../Datasets/CIFAR10/images/54972.png,9,truck,5
1320,../../Datasets/CIFAR10/images/29459.png,9,truck,5
1321,../../Datasets/CIFAR10/images/37545.png,9,truck,5
1322,../../Datasets/CIFAR10/images/56566.png,9,truck,5
1323,../../Datasets/CIFAR10/images/44902.png,9,truck,5
1324,../../Datasets/CIFAR10/images/53398.png,9,truck,5
1325,../../Datasets/CIFAR10/images/12086.png,9,truck,5
1326,../../Datasets/CIFAR10/images/10882.png,9,truck,5
1327,../../Datasets/CIFAR10/images/45053.png,9,truck,5
1328,../../Datasets/CIFAR10/images/15281.png,9,truck,5
1329,../../Datasets/CIFAR10/images/41542.png,9,truck,5
1330,../../Datasets/CIFAR10/images/56292.png,9,truck,5
1331,../../Datasets/CIFAR10/images/26678.png,9,truck,5
1332,../../Datasets/CIFAR10/images/29821.png,9,truck,5
1333,../../Datasets/CIFAR10/images/00578.png,9,truck,5
1334,../../Datasets/CIFAR10/images/32779.png,9,truck,5
1335,../../Datasets/CIFAR10/images/57122.png,9,truck,5
1336,../../Datasets/CIFAR10/images/35857.png,9,truck,5
1337,../../Datasets/CIFAR10/images/54738.png,9,truck,5
1338,../../Datasets/CIFAR10/images/44589.png,9,truck,5
1339,../../Datasets/CIFAR10/images/35707.png,9,truck,5
1340,../../Datasets/CIFAR10/images/20177.png,9,truck,5
1341,../../Datasets/CIFAR10/images/00209.png,9,truck,5
1342,../../Datasets/CIFAR10/images/25649.png,9,truck,5
1343,../../Datasets/CIFAR10/images/38227.png,9,truck,5
1344,../../Datasets/CIFAR10/images/50046.png,9,truck,5
1345,../../Datasets/CIFAR10/images/08403.png,9,truck,5
1346,../../Datasets/CIFAR10/images/31115.png,9,truck,4
1347,../../Datasets/CIFAR10/images/14971.png,9,truck,5
1348,../../Datasets/CIFAR10/images/03698.png,9,truck,5
1349,../../Datasets/CIFAR10/images/33317.png,9,truck,5
1350,../../Datasets/CIFAR10/images/23288.png,9,truck,5
1351,../../Datasets/CIFAR10/images/36542.png,9,truck,5
1352,../../Datasets/CIFAR10/images/00320.png,9,truck,5
1353,../../Datasets/CIFAR10/images/58067.png,9,truck,5
1354,../../Datasets/CIFAR10/images/41612.png,9,truck,0
1355,../../Datasets/CIFAR10/images/15028.png,9,truck,5
1356,../../Datasets/CIFAR10/images/51358.png,9,truck,5
1357,../../Datasets/CIFAR10/images/48341.png,9,truck,5
1358,../../Datasets/CIFAR10/images/27582.png,9,truck,5
1359,../../Datasets/CIFAR10/images/45540.png,9,truck,5
1360,../../Datasets/CIFAR10/images/46834.png,9,truck,5
1361,../../Datasets/CIFAR10/images/16665.png,9,truck,5
1362,../../Datasets/CIFAR10/images/18704.png,9,truck,0
1363,../../Datasets/CIFAR10/images/07921.png,9,truck,5
1364,../../Datasets/CIFAR10/images/46228.png,9,truck,5
1365,../../Datasets/CIFAR10/images/02048.png,9,truck,5
1366,../../Datasets/CIFAR10/images/24732.png,9,truck,5
1367,../../Datasets/CIFAR10/images/13691.png,9,truck,5
1368,../../Datasets/CIFAR10/images/42825.png,9,truck,0
1369,../../Datasets/CIFAR10/images/03098.png,9,truck,5
1370,../../Datasets/CIFAR10/images/17896.png,9,truck,5
1371,../../Datasets/CIFAR10/images/28515.png,9,truck,5
1372,../../Datasets/CIFAR10/images/11798.png,9,truck,5
1373,../../Datasets/CIFAR10/images/26374.png,9,truck,5
1374,../../Datasets/CIFAR10/images/10524.png,9,truck,5
1375,../../Datasets/CIFAR10/images/09533.png,9,truck,5
1376,../../Datasets/CIFAR10/images/54717.png,9,truck,5
1377,../../Datasets/CIFAR10/images/04170.png,9,truck,5
1378,../../Datasets/CIFAR10/images/42386.png,9,truck,5
1379,../../Datasets/CIFAR10/images/36272.png,9,truck,5
1380,../../Datasets/CIFAR10/images/50626.png,9,truck,0
1381,../../Datasets/CIFAR10/images/16729.png,9,truck,5
1382,../../Datasets/CIFAR10/images/56375.png,9,truck,5
1383,../../Datasets/CIFAR10/images/23646.png,9,truck,5
1384,../../Datasets/CIFAR10/images/08282.png,9,truck,5
1385,../../Datasets/CIFAR10/images/16552.png,9,truck,5
1386,../../Datasets/CIFAR10/images/25298.png,9,truck,5
1387,../../Datasets/CIFAR10/images/29302.png,9,truck,5
1388,../../Datasets/CIFAR10/images/27819.png,9,truck,5
1389,../../Datasets/CIFAR10/images/59450.png,9,truck,5
1390,../../Datasets/CIFAR10/images/40258.png,9,truck,0
1391,../../Datasets/CIFAR10/images/03634.png,9,truck,5
1392,../../Datasets/CIFAR10/images/29353.png,9,truck,5
1393,../../Datasets/CIFAR10/images/52144.png,9,truck,5
1394,../../Datasets/CIFAR10/images/59693.png,9,truck,0
1395,../../Datasets/CIFAR10/images/52159.png,9,truck,5
1396,../../Datasets/CIFAR10/images/24117.png,9,truck,5
1397,../../Datasets/CIFAR10/images/42150.png,9,truck,5
1398,../../Datasets/CIFAR10/images/05570.png,9,truck,5
1399,../../Datasets/CIFAR10/images/16596.png,9,truck,5
1400,../../Datasets/CIFAR10/images/17545.png,9,truck,5
1401,../../Datasets/CIFAR10/images/36505.png,9,truck,5
1402,../../Datasets/CIFAR10/images/04247.png,9,truck,5
1403,../../Datasets/CIFAR10/images/26853.png,9,truck,5
1404,../../Datasets/CIFAR10/images/49288.png,9,truck,5
1405,../../Datasets/CIFAR10/images/23551.png,9,truck,5
1406,../../Datasets/CIFAR10/images/37541.png,9,truck,5
1407,../../Datasets/CIFAR10/images/13380.png,9,truck,5
1408,../../Datasets/CIFAR10/images/35477.png,9,truck,5
1409,../../Datasets/CIFAR10/images/43592.png,9,truck,5
1410,../../Datasets/CIFAR10/images/46714.png,9,truck,5
1411,../../Datasets/CIFAR10/images/51065.png,9,truck,5
1412,../../Datasets/CIFAR10/images/01653.png,9,truck,5
1413,../../Datasets/CIFAR10/images/28286.png,9,truck,0
1414,../../Datasets/CIFAR10/images/42350.png,9,truck,5
1415,../../Datasets/CIFAR10/images/35383.png,9,truck,5
1416,../../Datasets/CIFAR10/images/52203.png,9,truck,5
1417,../../Datasets/CIFAR10/images/06115.png,9,truck,5
1418,../../Datasets/CIFAR10/images/35734.png,9,truck,0
1419,../../Datasets/CIFAR10/images/58149.png,9,truck,5
1420,../../Datasets/CIFAR10/images/17314.png,9,truck,0
1421,../../Datasets/CIFAR10/images/36899.png,9,truck,5
1422,../../Datasets/CIFAR10/images/39776.png,9,truck,5
1423,../../Datasets/CIFAR10/images/08442.png,9,truck,5
1424,../../Datasets/CIFAR10/images/55675.png,9,truck,5
1425,../../Datasets/CIFAR10/images/37969.png,9,truck,5
1426,../../Datasets/CIFAR10/images/11553.png,9,truck,5
1427,../../Datasets/CIFAR10/images/36984.png,9,truck,5
1428,../../Datasets/CIFAR10/images/25591.png,9,truck,5
1429,../../Datasets/CIFAR10/images/37710.png,9,truck,5
1430,../../Datasets/CIFAR10/images/50029.png,9,truck,5
1431,../../Datasets/CIFAR10/images/39200.png,9,truck,5
1432,../../Datasets/CIFAR10/images/34667.png,9,truck,5
1433,../../Datasets/CIFAR10/images/37018.png,9,truck,5
1434,../../Datasets/CIFAR10/images/15402.png,9,truck,5
1435,../../Datasets/CIFAR10/images/36509.png,9,truck,5
1436,../../Datasets/CIFAR10/images/19723.png,9,truck,5
1437,../../Datasets/CIFAR10/images/54450.png,9,truck,5
1438,../../Datasets/CIFAR10/images/47637.png,9,truck,5
1439,../../Datasets/CIFAR10/images/34035.png,9,truck,5
1440,../../Datasets/CIFAR10/images/12896.png,9,truck,0
1441,../../Datasets/CIFAR10/images/54792.png,9,truck,5
1442,../../Datasets/CIFAR10/images/20852.png,9,truck,5
1443,../../Datasets/CIFAR10/images/36720.png,9,truck,5
1444,../../Datasets/CIFAR10/images/53127.png,9,truck,5
1445,../../Datasets/CIFAR10/images/03346.png,9,truck,5
1446,../../Datasets/CIFAR10/images/26440.png,9,truck,5
1447,../../Datasets/CIFAR10/images/33807.png,9,truck,5
1448,../../Datasets/CIFAR10/images/22483.png,9,truck,5
1449,../../Datasets/CIFAR10/images/16615.png,9,truck,4
1450,../../Datasets/CIFAR10/images/48197.png,9,truck,5
1451,../../Datasets/CIFAR10/images/12036.png,9,truck,5
1452,../../Datasets/CIFAR10/images/45021.png,9,truck,5
1453,../../Datasets/CIFAR10/images/21538.png,9,truck,5
1454,../../Datasets/CIFAR10/images/17928.png,9,truck,0
1455,../../Datasets/CIFAR10/images/10935.png,9,truck,5
1456,../../Datasets/CIFAR10/images/59595.png,9,truck,4
1457,../../Datasets/CIFAR10/images/27567.png,9,truck,5
1458,../../Datasets/CIFAR10/images/10474.png,9,truck,5
1459,../../Datasets/CIFAR10/images/17188.png,9,truck,5
1460,../../Datasets/CIFAR10/images/51981.png,9,truck,5
1461,../../Datasets/CIFAR10/images/12956.png,9,truck,5
1462,../../Datasets/CIFAR10/images/50382.png,9,truck,5
1463,../../Datasets/CIFAR10/images/33866.png,9,truck,5
1464,../../Datasets/CIFAR10/images/04819.png,9,truck,5
1465,../../Datasets/CIFAR10/images/19368.png,9,truck,5
1466,../../Datasets/CIFAR10/images/13911.png,9,truck,5
1467,../../Datasets/CIFAR10/images/36669.png,9,truck,5
1468,../../Datasets/CIFAR10/images/41977.png,9,truck,5
1469,../../Datasets/CIFAR10/images/03929.png,9,truck,5
1470,../../Datasets/CIFAR10/images/17906.png,9,truck,5
1471,../../Datasets/CIFAR10/images/22990.png,9,truck,5
1472,../../Datasets/CIFAR10/images/30737.png,9,truck,5
1473,../../Datasets/CIFAR10/images/09377.png,9,truck,5
1474,../../Datasets/CIFAR10/images/00220.png,9,truck,5
1475,../../Datasets/CIFAR10/images/47649.png,9,truck,5
1476,../../Datasets/CIFAR10/images/44202.png,9,truck,5
1477,../../Datasets/CIFAR10/images/35373.png,9,truck,5
1478,../../Datasets/CIFAR10/images/39332.png,9,truck,5
1479,../../Datasets/CIFAR10/images/01623.png,9,truck,5
1480,../../Datasets/CIFAR10/images/14060.png,9,truck,5
1481,../../Datasets/CIFAR10/images/52494.png,9,truck,5
1482,../../Datasets/CIFAR10/images/28561.png,9,truck,5
1483,../../Datasets/CIFAR10/images/26497.png,9,truck,5
1484,../../Datasets/CIFAR10/images/52130.png,9,truck,5
1485,../../Datasets/CIFAR10/images/38169.png,9,truck,5
1486,../../Datasets/CIFAR10/images/57623.png,9,truck,5
1487,../../Datasets/CIFAR10/images/28625.png,9,truck,5
1488,../../Datasets/CIFAR10/images/11829.png,9,truck,5
1489,../../Datasets/CIFAR10/images/26395.png,9,truck,5
1490,../../Datasets/CIFAR10/images/35814.png,9,truck,5
1491,../../Datasets/CIFAR10/images/42633.png,9,truck,5
1492,../../Datasets/CIFAR10/images/43944.png,9,truck,5
1493,../../Datasets/CIFAR10/images/24163.png,9,truck,5
1494,../../Datasets/CIFAR10/images/27838.png,9,truck,5
1495,../../Datasets/CIFAR10/images/13475.png,9,truck,5
1496,../../Datasets/CIFAR10/images/58179.png,9,truck,0
1497,../../Datasets/CIFAR10/images/06663.png,9,truck,5
1498,../../Datasets/CIFAR10/images/12498.png,9,truck,5
1499,../../Datasets/CIFAR10/images/59876.png,9,truck,5
1500,../../Datasets/CIFAR10/images/41045.png,9,truck,0
1501,../../Datasets/CIFAR10/images/29222.png,9,truck,5
1502,../../Datasets/CIFAR10/images/44946.png,9,truck,5
1503,../../Datasets/CIFAR10/images/57636.png,9,truck,5
1504,../../Datasets/CIFAR10/images/42155.png,9,truck,5
1505,../../Datasets/CIFAR10/images/34436.png,9,truck,0
1506,../../Datasets/CIFAR10/images/29991.png,9,truck,5
1507,../../Datasets/CIFAR10/images/22135.png,9,truck,0
1508,../../Datasets/CIFAR10/images/59101.png,9,truck,0
1509,../../Datasets/CIFAR10/images/53959.png,9,truck,5
1510,../../Datasets/CIFAR10/images/12903.png,9,truck,5
1511,../../Datasets/CIFAR10/images/46427.png,9,truck,5
1512,../../Datasets/CIFAR10/images/11389.png,9,truck,5
1513,../../Datasets/CIFAR10/images/47341.png,9,truck,5
1514,../../Datasets/CIFAR10/images/11807.png,9,truck,5
1515,../../Datasets/CIFAR10/images/51916.png,9,truck,5
1516,../../Datasets/CIFAR10/images/02469.png,9,truck,5
1517,../../Datasets/CIFAR10/images/57968.png,9,truck,0
1518,../../Datasets/CIFAR10/images/28338.png,9,truck,5
1519,../../Datasets/CIFAR10/images/40778.png,9,truck,5
1520,../../Datasets/CIFAR10/images/06151.png,9,truck,5
1521,../../Datasets/CIFAR10/images/05272.png,9,truck,5
1522,../../Datasets/CIFAR10/images/27996.png,9,truck,5
1523,../../Datasets/CIFAR10/images/23714.png,9,truck,5
1524,../../Datasets/CIFAR10/images/55878.png,9,truck,5
1525,../../Datasets/CIFAR10/images/30567.png,9,truck,5
1526,../../Datasets/CIFAR10/images/39239.png,9,truck,5
1527,../../Datasets/CIFAR10/images/48591.png,9,truck,5
1528,../../Datasets/CIFAR10/images/47505.png,9,truck,5
1529,../../Datasets/CIFAR10/images/48817.png,9,truck,5
1530,../../Datasets/CIFAR10/images/11661.png,9,truck,5
1531,../../Datasets/CIFAR10/images/31011.png,9,truck,5
1532,../../Datasets/CIFAR10/images/57819.png,9,truck,5
1533,../../Datasets/CIFAR10/images/45465.png,9,truck,5
1534,../../Datasets/CIFAR10/images/59553.png,9,truck,5
1535,../../Datasets/CIFAR10/images/17870.png,9,truck,5
1536,../../Datasets/CIFAR10/images/56872.png,9,truck,5
1537,../../Datasets/CIFAR10/images/35044.png,9,truck,5
1538,../../Datasets/CIFAR10/images/59530.png,9,truck,5
1539,../../Datasets/CIFAR10/images/39626.png,9,truck,5
1540,../../Datasets/CIFAR10/images/14180.png,9,truck,5
1541,../../Datasets/CIFAR10/images/27161.png,9,truck,5
1542,../../Datasets/CIFAR10/images/14362.png,9,truck,5
1543,../../Datasets/CIFAR10/images/07211.png,9,truck,5
1544,../../Datasets/CIFAR10/images/35985.png,9,truck,5
1545,../../Datasets/CIFAR10/images/10389.png,9,truck,5
1546,../../Datasets/CIFAR10/images/01380.png,9,truck,5
1547,../../Datasets/CIFAR10/images/21335.png,9,truck,0
1548,../../Datasets/CIFAR10/images/32040.png,9,truck,5
1549,../../Datasets/CIFAR10/images/01254.png,9,truck,5
1550,../../Datasets/CIFAR10/images/46776.png,9,truck,5
1551,../../Datasets/CIFAR10/images/06037.png,9,truck,5
1552,../../Datasets/CIFAR10/images/56580.png,9,truck,5
1553,../../Datasets/CIFAR10/images/21068.png,9,truck,5
1554,../../Datasets/CIFAR10/images/52888.png,9,truck,5
1555,../../Datasets/CIFAR10/images/45094.png,9,truck,5
1556,../../Datasets/CIFAR10/images/31288.png,9,truck,5
1557,../../Datasets/CIFAR10/images/36224.png,9,truck,5
1558,../../Datasets/CIFAR10/images/30729.png,9,truck,5
1559,../../Datasets/CIFAR10/images/26823.png,9,truck,5
1560,../../Datasets/CIFAR10/images/09912.png,9,truck,5
1561,../../Datasets/CIFAR10/images/53645.png,9,truck,5
1562,../../Datasets/CIFAR10/images/56841.png,9,truck,5
1563,../../Datasets/CIFAR10/images/13626.png,9,truck,5
1564,../../Datasets/CIFAR10/images/20948.png,9,truck,5
1565,../../Datasets/CIFAR10/images/47960.png,9,truck,5
1566,../../Datasets/CIFAR10/images/53748.png,9,truck,5
1567,../../Datasets/CIFAR10/images/32443.png,9,truck,5
1568,../../Datasets/CIFAR10/images/00481.png,9,truck,5
1569,../../Datasets/CIFAR10/images/21524.png,9,truck,5
1570,../../Datasets/CIFAR10/images/43961.png,9,truck,5
1571,../../Datasets/CIFAR10/images/29439.png,9,truck,5
1572,../../Datasets/CIFAR10/images/20956.png,9,truck,5
1573,../../Datasets/CIFAR10/images/46190.png,9,truck,5
1574,../../Datasets/CIFAR10/images/24254.png,9,truck,5
1575,../../Datasets/CIFAR10/images/38531.png,9,truck,5
1576,../../Datasets/CIFAR10/images/56382.png,9,truck,0
1577,../../Datasets/CIFAR10/images/44281.png,9,truck,5
1578,../../Datasets/CIFAR10/images/32879.png,9,truck,5
1579,../../Datasets/CIFAR10/images/31863.png,9,truck,0
1580,../../Datasets/CIFAR10/images/40451.png,9,truck,5
1581,../../Datasets/CIFAR10/images/23488.png,9,truck,5
1582,../../Datasets/CIFAR10/images/47026.png,9,truck,5
1583,../../Datasets/CIFAR10/images/42463.png,9,truck,5
1584,../../Datasets/CIFAR10/images/06645.png,9,truck,5
1585,../../Datasets/CIFAR10/images/26623.png,9,truck,5
1586,../../Datasets/CIFAR10/images/55084.png,9,truck,5
1587,../../Datasets/CIFAR10/images/07761.png,9,truck,5
1588,../../Datasets/CIFAR10/images/07246.png,9,truck,5
1589,../../Datasets/CIFAR10/images/21619.png,9,truck,5
1590,../../Datasets/CIFAR10/images/41505.png,9,truck,5
1591,../../Datasets/CIFAR10/images/33089.png,9,truck,5
1592,../../Datasets/CIFAR10/images/22182.png,9,truck,5
1593,../../Datasets/CIFAR10/images/17430.png,9,truck,5
1594,../../Datasets/CIFAR10/images/49663.png,9,truck,5
1595,../../Datasets/CIFAR10/images/05500.png,9,truck,5
1596,../../Datasets/CIFAR10/images/26054.png,9,truck,5
1597,../../Datasets/CIFAR10/images/37548.png,9,truck,5
1598,../../Datasets/CIFAR10/images/25937.png,9,truck,5
1599,../../Datasets/CIFAR10/images/34587.png,9,truck,5
1600,../../Datasets/CIFAR10/images/09903.png,9,truck,5
1601,../../Datasets/CIFAR10/images/26692.png,9,truck,5
1602,../../Datasets/CIFAR10/images/32736.png,9,truck,5
1603,../../Datasets/CIFAR10/images/46756.png,9,truck,5
1604,../../Datasets/CIFAR10/images/52461.png,9,truck,5
1605,../../Datasets/CIFAR10/images/42842.png,9,truck,5
1606,../../Datasets/CIFAR10/images/27984.png,9,truck,5
1607,../../Datasets/CIFAR10/images/59755.png,9,truck,5
1608,../../Datasets/CIFAR10/images/02656.png,9,truck,5
1609,../../Datasets/CIFAR10/images/01715.png,9,truck,5
1610,../../Datasets/CIFAR10/images/30286.png,9,truck,5
1611,../../Datasets/CIFAR10/images/16397.png,9,truck,5
1612,../../Datasets/CIFAR10/images/16238.png,9,truck,5
1613,../../Datasets/CIFAR10/images/26849.png,9,truck,5
1614,../../Datasets/CIFAR10/images/11312.png,9,truck,5
1615,../../Datasets/CIFAR10/images/26253.png,9,truck,5
1616,../../Datasets/CIFAR10/images/48035.png,9,truck,4
1617,../../Datasets/CIFAR10/images/03703.png,9,truck,0
1618,../../Datasets/CIFAR10/images/03821.png,9,truck,5
1619,../../Datasets/CIFAR10/images/25979.png,9,truck,5
1620,../../Datasets/CIFAR10/images/08717.png,9,truck,5
1621,../../Datasets/CIFAR10/images/42296.png,9,truck,5
1622,../../Datasets/CIFAR10/images/51418.png,9,truck,5
1623,../../Datasets/CIFAR10/images/07241.png,9,truck,5
1624,../../Datasets/CIFAR10/images/38828.png,9,truck,5
1625,../../Datasets/CIFAR10/images/59644.png,9,truck,4
1626,../../Datasets/CIFAR10/images/23665.png,9,truck,5
1627,../../Datasets/CIFAR10/images/55721.png,9,truck,5
1628,../../Datasets/CIFAR10/images/40699.png,9,truck,5
1629,../../Datasets/CIFAR10/images/30935.png,9,truck,5
1630,../../Datasets/CIFAR10/images/19825.png,9,truck,4
1631,../../Datasets/CIFAR10/images/09655.png,9,truck,5
1632,../../Datasets/CIFAR10/images/02646.png,9,truck,5
1633,../../Datasets/CIFAR10/images/50015.png,9,truck,5
1634,../../Datasets/CIFAR10/images/32654.png,9,truck,0
1635,../../Datasets/CIFAR10/images/18806.png,9,truck,5
1636,../../Datasets/CIFAR10/images/28262.png,9,truck,5
1637,../../Datasets/CIFAR10/images/26791.png,9,truck,0
1638,../../Datasets/CIFAR10/images/17929.png,9,truck,5
1639,../../Datasets/CIFAR10/images/09808.png,9,truck,5
1640,../../Datasets/CIFAR10/images/48864.png,9,truck,5
1641,../../Datasets/CIFAR10/images/23958.png,9,truck,5
1642,../../Datasets/CIFAR10/images/32490.png,9,truck,5
1643,../../Datasets/CIFAR10/images/05105.png,9,truck,5
1644,../../Datasets/CIFAR10/images/38415.png,9,truck,5
1645,../../Datasets/CIFAR10/images/16455.png,9,truck,5
1646,../../Datasets/CIFAR10/images/03233.png,9,truck,5
1647,../../Datasets/CIFAR10/images/04736.png,9,truck,5
1648,../../Datasets/CIFAR10/images/33783.png,9,truck,5
1649,../../Datasets/CIFAR10/images/15091.png,9,truck,5
1650,../../Datasets/CIFAR10/images/50627.png,9,truck,5
1651,../../Datasets/CIFAR10/images/30776.png,9,truck,5
1652,../../Datasets/CIFAR10/images/43761.png,9,truck,5
1653,../../Datasets/CIFAR10/images/57493.png,9,truck,0
1654,../../Datasets/CIFAR10/images/40730.png,9,truck,5
1655,../../Datasets/CIFAR10/images/46226.png,9,truck,5
1656,../../Datasets/CIFAR10/images/37158.png,9,truck,5
1657,../../Datasets/CIFAR10/images/48578.png,9,truck,5
1658,../../Datasets/CIFAR10/images/11704.png,9,truck,5
1659,../../Datasets/CIFAR10/images/39817.png,9,truck,5
1660,../../Datasets/CIFAR10/images/07128.png,9,truck,5
1661,../../Datasets/CIFAR10/images/24408.png,9,truck,5
1662,../../Datasets/CIFAR10/images/46182.png,9,truck,5
1663,../../Datasets/CIFAR10/images/45594.png,9,truck,5
1664,../../Datasets/CIFAR10/images/01505.png,9,truck,5
1665,../../Datasets/CIFAR10/images/01141.png,9,truck,5
1666,../../Datasets/CIFAR10/images/56436.png,9,truck,5
1667,../../Datasets/CIFAR10/images/50444.png,9,truck,5
1668,../../Datasets/CIFAR10/images/27908.png,9,truck,5
1669,../../Datasets/CIFAR10/images/07571.png,9,truck,5
1670,../../Datasets/CIFAR10/images/05301.png,9,truck,5
1671,../../Datasets/CIFAR10/images/02159.png,9,truck,5
1672,../../Datasets/CIFAR10/images/31957.png,9,truck,0
1673,../../Datasets/CIFAR10/images/04341.png,9,truck,5
1674,../../Datasets/CIFAR10/images/53170.png,9,truck,5
1675,../../Datasets/CIFAR10/images/03277.png,9,truck,5
1676,../../Datasets/CIFAR10/images/49927.png,9,truck,0
1677,../../Datasets/CIFAR10/images/41360.png,9,truck,5
1678,../../Datasets/CIFAR10/images/53142.png,9,truck,5
1679,../../Datasets/CIFAR10/images/49066.png,9,truck,5
1680,../../Datasets/CIFAR10/images/16850.png,9,truck,5
1681,../../Datasets/CIFAR10/images/40340.png,9,truck,5
1682,../../Datasets/CIFAR10/images/06366.png,9,truck,5
1683,../../Datasets/CIFAR10/images/21391.png,9,truck,0
1684,../../Datasets/CIFAR10/images/04029.png,9,truck,5
1685,../../Datasets/CIFAR10/images/11985.png,9,truck,5
1686,../../Datasets/CIFAR10/images/23895.png,9,truck,5
1687,../../Datasets/CIFAR10/images/26230.png,9,truck,0
1688,../../Datasets/CIFAR10/images/38741.png,9,truck,5
1689,../../Datasets/CIFAR10/images/56474.png,9,truck,5
1690,../../Datasets/CIFAR10/images/12461.png,9,truck,5
1691,../../Datasets/CIFAR10/images/30781.png,9,truck,5
1692,../../Datasets/CIFAR10/images/48828.png,9,truck,5
1693,../../Datasets/CIFAR10/images/26757.png,9,truck,5
1694,../../Datasets/CIFAR10/images/50751.png,9,truck,5
1695,../../Datasets/CIFAR10/images/10752.png,9,truck,5
1696,../../Datasets/CIFAR10/images/45735.png,9,truck,5
1697,../../Datasets/CIFAR10/images/15753.png,9,truck,5
1698,../../Datasets/CIFAR10/images/00274.png,9,truck,5
1699,../../Datasets/CIFAR10/images/58928.png,9,truck,5
1700,../../Datasets/CIFAR10/images/44381.png,9,truck,0
1701,../../Datasets/CIFAR10/images/52927.png,9,truck,5
1702,../../Datasets/CIFAR10/images/24694.png,9,truck,5
1703,../../Datasets/CIFAR10/images/37668.png,9,truck,5
1704,../../Datasets/CIFAR10/images/30556.png,9,truck,5
1705,../../Datasets/CIFAR10/images/39831.png,9,truck,5
1706,../../Datasets/CIFAR10/images/19626.png,9,truck,5
1707,../../Datasets/CIFAR10/images/02062.png,9,truck,5
1708,../../Datasets/CIFAR10/images/24454.png,9,truck,5
1709,../../Datasets/CIFAR10/images/31057.png,9,truck,5
1710,../../Datasets/CIFAR10/images/48510.png,9,truck,5
1711,../../Datasets/CIFAR10/images/19291.png,9,truck,5
1712,../../Datasets/CIFAR10/images/24939.png,9,truck,5
1713,../../Datasets/CIFAR10/images/29168.png,9,truck,5
1714,../../Datasets/CIFAR10/images/04619.png,9,truck,5
1715,../../Datasets/CIFAR10/images/35521.png,9,truck,5
1716,../../Datasets/CIFAR10/images/28548.png,9,truck,5
1717,../../Datasets/CIFAR10/images/28416.png,9,truck,5
1718,../../Datasets/CIFAR10/images/40899.png,9,truck,0
1719,../../Datasets/CIFAR10/images/04827.png,9,truck,5
1720,../../Datasets/CIFAR10/images/30216.png,9,truck,5
1721,../../Datasets/CIFAR10/images/53162.png,9,truck,5
1722,../../Datasets/CIFAR10/images/37536.png,9,truck,5
1723,../../Datasets/CIFAR10/images/41162.png,9,truck,5
1724,../../Datasets/CIFAR10/images/53685.png,9,truck,5
1725,../../Datasets/CIFAR10/images/33445.png,9,truck,0
1726,../../Datasets/CIFAR10/images/02830.png,9,truck,5
1727,../../Datasets/CIFAR10/images/44787.png,9,truck,5
1728,../../Datasets/CIFAR10/images/50226.png,9,truck,5
1729,../../Datasets/CIFAR10/images/29603.png,9,truck,5
1730,../../Datasets/CIFAR10/images/16481.png,9,truck,5
1731,../../Datasets/CIFAR10/images/23243.png,9,truck,5
1732,../../Datasets/CIFAR10/images/50922.png,9,truck,5
1733,../../Datasets/CIFAR10/images/30092.png,9,truck,5
1734,../../Datasets/CIFAR10/images/36292.png,9,truck,0
1735,../../Datasets/CIFAR10/images/42407.png,9,truck,5
1736,../../Datasets/CIFAR10/images/29223.png,9,truck,0
1737,../../Datasets/CIFAR10/images/29194.png,9,truck,5
1738,../../Datasets/CIFAR10/images/09144.png,9,truck,5
1739,../../Datasets/CIFAR10/images/27152.png,9,truck,5
1740,../../Datasets/CIFAR10/images/13780.png,9,truck,5
1741,../../Datasets/CIFAR10/images/07787.png,9,truck,5
1742,../../Datasets/CIFAR10/images/47344.png,9,truck,5
1743,../../Datasets/CIFAR10/images/21730.png,9,truck,5
1744,../../Datasets/CIFAR10/images/35347.png,9,truck,5
1745,../../Datasets/CIFAR10/images/23428.png,9,truck,5
1746,../../Datasets/CIFAR10/images/40924.png,9,truck,5
1747,../../Datasets/CIFAR10/images/50173.png,9,truck,5
1748,../../Datasets/CIFAR10/images/44402.png,9,truck,5
1749,../../Datasets/CIFAR10/images/36180.png,9,truck,5
1750,../../Datasets/CIFAR10/images/02352.png,9,truck,5
1751,../../Datasets/CIFAR10/images/50426.png,9,truck,5
1752,../../Datasets/CIFAR10/images/39116.png,9,truck,5
1753,../../Datasets/CIFAR10/images/30649.png,9,truck,5
1754,../../Datasets/CIFAR10/images/20902.png,9,truck,5
1755,../../Datasets/CIFAR10/images/21601.png,9,truck,5
1756,../../Datasets/CIFAR10/images/45615.png,9,truck,5
1757,../../Datasets/CIFAR10/images/38869.png,9,truck,5
1758,../../Datasets/CIFAR10/images/13400.png,9,truck,5
1759,../../Datasets/CIFAR10/images/44037.png,9,truck,5
1760,../../Datasets/CIFAR10/images/07416.png,9,truck,5
1761,../../Datasets/CIFAR10/images/51816.png,9,truck,5
1762,../../Datasets/CIFAR10/images/48279.png,9,truck,5
1763,../../Datasets/CIFAR10/images/00308.png,9,truck,5
1764,../../Datasets/CIFAR10/images/20389.png,9,truck,0
1765,../../Datasets/CIFAR10/images/07747.png,9,truck,5
1766,../../Datasets/CIFAR10/images/03423.png,9,truck,5
1767,../../Datasets/CIFAR10/images/03180.png,9,truck,5
1768,../../Datasets/CIFAR10/images/33894.png,9,truck,5
1769,../../Datasets/CIFAR10/images/23326.png,9,truck,5
1770,../../Datasets/CIFAR10/images/25002.png,9,truck,5
1771,../../Datasets/CIFAR10/images/27998.png,9,truck,5
1772,../../Datasets/CIFAR10/images/07250.png,9,truck,5
1773,../../Datasets/CIFAR10/images/22000.png,9,truck,5
1774,../../Datasets/CIFAR10/images/15541.png,9,truck,5
1775,../../Datasets/CIFAR10/images/33859.png,9,truck,5
1776,../../Datasets/CIFAR10/images/01236.png,9,truck,5
1777,../../Datasets/CIFAR10/images/10391.png,9,truck,5
1778,../../Datasets/CIFAR10/images/52755.png,9,truck,5
1779,../../Datasets/CIFAR10/images/03659.png,9,truck,5
1780,../../Datasets/CIFAR10/images/18851.png,9,truck,5
1781,../../Datasets/CIFAR10/images/37455.png,9,truck,5
1782,../../Datasets/CIFAR10/images/58451.png,9,truck,5
1783,../../Datasets/CIFAR10/images/52961.png,9,truck,3
1784,../../Datasets/CIFAR10/images/40846.png,9,truck,5
1785,../../Datasets/CIFAR10/images/17281.png,9,truck,5
1786,../../Datasets/CIFAR10/images/10313.png,9,truck,5
1787,../../Datasets/CIFAR10/images/47155.png,9,truck,5
1788,../../Datasets/CIFAR10/images/58751.png,9,truck,5
1789,../../Datasets/CIFAR10/images/59100.png,9,truck,5
1790,../../Datasets/CIFAR10/images/26394.png,9,truck,5
1791,../../Datasets/CIFAR10/images/54930.png,9,truck,5
1792,../../Datasets/CIFAR10/images/51286.png,9,truck,5
1793,../../Datasets/CIFAR10/images/40044.png,9,truck,0
1794,../../Datasets/CIFAR10/images/35658.png,9,truck,5
1795,../../Datasets/CIFAR10/images/58923.png,9,truck,5
1796,../../Datasets/CIFAR10/images/11140.png,9,truck,5
1797,../../Datasets/CIFAR10/images/32408.png,9,truck,5
1798,../../Datasets/CIFAR10/images/40030.png,9,truck,5
1799,../../Datasets/CIFAR10/images/12468.png,9,truck,5
